<application>
  <component name="FileTypeManager" version="19">
    <extensionMap>
      <mapping pattern="eu1" type="AUTO_DETECTED" />
      <mapping pattern="gradlew" type="AUTO_DETECTED" />
      <mapping pattern="gitlab-another-service" type="AUTO_DETECTED" />
      <mapping pattern="CODEOWNERS" type="AUTO_DETECTED" />
      <mapping pattern="core-user-service" type="AUTO_DETECTED" />
      <mapping pattern="token" type="AUTO_DETECTED" />
      <mapping pattern=".env_prev" type="PLAIN_TEXT" />
      <mapping ext="1" type="PLAIN_TEXT" />
      <mapping ext="2_test" type="PLAIN_TEXT" />
      <mapping ext="eml" type="PLAIN_TEXT" />
      <mapping ext="env" type="PLAIN_TEXT" />
      <mapping ext="1_test" type="PLAIN_TEXT" />
      <mapping ext="bin" type="PLAIN_TEXT" />
      <mapping ext="j2" type="PLAIN_TEXT" />
      <mapping ext="2024" type="PLAIN_TEXT" />
      <mapping ext="yamlo" type="YAML" />
      <removed_mapping ext="apk" approved="true" type="ARCHIVE" />
      <removed_mapping ext="conf" approved="true" type="PLAIN_TEXT" />
      <removed_mapping ext="j2" approved="true" type="Jinja2" />
      <removed_mapping ext="pdf" approved="true" type="Native" />
      <removed_mapping ext="psd" approved="true" type="Image" />
    </extensionMap>
  </component>
</application>