<application>
  <component name="FindSettings">
    <option name="customScope" value="All Places" />
    <option name="defaultScopeName" value="All Places" />
    <option name="localRegularExpressions" value="true" />
    <option name="LOCAL_REGULAR_EXPRESSIONS" value="true" />
    <option name="SEARCH_SCOPE" value="All Places" />
    <mask>*.css</mask>
    <mask>*.html</mask>
    <mask>*.xml</mask>
    <mask>*.jsp</mask>
    <mask>*.properties</mask>
    <mask>*.java</mask>
    <mask>*Test.scala</mask>
    <mask>*.proto</mask>
    <mask>*Mongo*.scala</mask>
    <mask>*.Test.scala</mask>
    <mask>.*Test.scala</mask>
    <mask>*Fixture.scala</mask>
    <mask>*Kafka*.scala</mask>
    <mask>Application.scala</mask>
    <mask>kustomization.yaml</mask>
    <mask>.*yml</mask>
    <mask>build.properties</mask>
    <mask>*.yml</mask>
    <mask>*Test*.scala</mask>
    <mask>build.sbt</mask>
    <mask>.gitlab-ci.yml</mask>
    <mask>Dependencies.scala</mask>
    <mask>*facebook*.scala</mask>
    <mask>*Facebook*.scala</mask>
    <mask>*.py</mask>
    <mask>docker</mask>
    <mask>docker-compose.yaml</mask>
    <mask>values.prod.yaml</mask>
    <mask>*.sbt</mask>
    <mask>*resources*.conf</mask>
    <mask>*.conf</mask>
    <mask>*.scala</mask>
    <mask>README.md</mask>
    <mask>logback.xml</mask>
    <mask>*.yaml</mask>
  </component>
</application>