<application>
  <component name="ProjectManager">
    <defaultProject>
      <component name="AutoImportSettings">
        <option name="autoReloadType" value="SELECTIVE" />
      </component>
      <component name="ExternalProjectsData">
        <projectState path="$USER_HOME$/workspaces/monorepo/creator/creator-plugin-response-template">
          <ProjectState />
        </projectState>
        <projectState path="$USER_HOME$/workspaces/monorepo/inbox/inbox-connector-email">
          <ProjectState />
        </projectState>
      </component>
      <component name="ExternalSystemProjectTracker">{}</component>
      <component name="ProjectRootManager" version="2" languageLevel="JDK_21" project-jdk-name="zulu-18" project-jdk-type="JavaSDK" />
      <component name="ProjectView">
        <navigator proportions="" version="1" />
        <panes />
      </component>
      <component name="ProjectViewState">
        <option name="hideEmptyMiddlePackages" value="true" />
        <option name="showLibraryContents" value="true" />
      </component>
      <component name="PropertiesComponent">{
  &quot;keyToString&quot;: {
    &quot;settings.editor.selected.configurable&quot;: &quot;preferences.pluginManager&quot;
  }
}</component>
      <component name="ScalaSbtSettings">
        <option name="customLauncherPath" />
        <option name="customVMPath" />
      </component>
      <component name="WindowStateProjectService">
        <state x="526" y="206" key="NewModule_or_Project.wizard" timestamp="1743090723892">
          <screen x="0" y="38" width="1800" height="1131" />
        </state>
        <state x="526" y="206" key="NewModule_or_Project.wizard/0.38.1800.1131/1800.-92.2560.1440" timestamp="1743090723892" />
      </component>
      <component name="masterDetails">
        <states>
          <state key="GlobalLibrariesConfigurable.UI" />
          <state key="JdkListConfigurable.UI" />
          <state key="ProjectJDKs.UI">
            <settings>
              <last-edited>zulu-18</last-edited>
              <splitter-proportions>
                <option name="proportions">
                  <list>
                    <option value="0.5" />
                  </list>
                </option>
              </splitter-proportions>
            </settings>
          </state>
          <state key="ProjectLibrariesConfigurable.UI" />
        </states>
      </component>
    </defaultProject>
  </component>
</application>