<application>
  <component name="ScalafmtDynamicService">
    <option name="resolvedVersions">
      <map>
        <entry key="1.5.1">
          <value>
            <array>
              <option value="file:$USER_HOME$/.ivy2/cache/com.geirsson/scalafmt-core_2.12/jars/scalafmt-core_2.12-1.5.1.jar" />
              <option value="file:$USER_HOME$/.ivy2/cache/org.scalameta/scalameta_2.12/jars/scalameta_2.12-1.7.0.jar" />
              <option value="file:$USER_HOME$/.ivy2/cache/org.scalameta/common_2.12/jars/common_2.12-1.7.0.jar" />
              <option value="file:$USER_HOME$/.ivy2/cache/com.lihaoyi/sourcecode_2.12/jars/sourcecode_2.12-0.1.3.jar" />
              <option value="file:$USER_HOME$/.ivy2/cache/org.scalameta/dialects_2.12/jars/dialects_2.12-1.7.0.jar" />
              <option value="file:$USER_HOME$/.ivy2/cache/org.scalameta/parsers_2.12/jars/parsers_2.12-1.7.0.jar" />
              <option value="file:$USER_HOME$/.ivy2/cache/org.scalameta/inputs_2.12/jars/inputs_2.12-1.7.0.jar" />
              <option value="file:$USER_HOME$/.ivy2/cache/org.scalameta/io_2.12/jars/io_2.12-1.7.0.jar" />
              <option value="file:$USER_HOME$/.ivy2/cache/org.scalameta/tokens_2.12/jars/tokens_2.12-1.7.0.jar" />
              <option value="file:$USER_HOME$/.ivy2/cache/org.scalameta/tokenizers_2.12/jars/tokenizers_2.12-1.7.0.jar" />
              <option value="file:$USER_HOME$/.ivy2/cache/com.lihaoyi/scalaparse_2.12/jars/scalaparse_2.12-0.4.2.jar" />
              <option value="file:$USER_HOME$/.ivy2/cache/com.lihaoyi/fastparse_2.12/jars/fastparse_2.12-0.4.2.jar" />
              <option value="file:$USER_HOME$/.ivy2/cache/com.lihaoyi/fastparse-utils_2.12/jars/fastparse-utils_2.12-0.4.2.jar" />
              <option value="file:$USER_HOME$/.ivy2/cache/org.scalameta/trees_2.12/jars/trees_2.12-1.7.0.jar" />
              <option value="file:$USER_HOME$/.ivy2/cache/org.scalameta/quasiquotes_2.12/jars/quasiquotes_2.12-1.7.0.jar" />
              <option value="file:$USER_HOME$/.ivy2/cache/org.scalameta/transversers_2.12/jars/transversers_2.12-1.7.0.jar" />
              <option value="file:$USER_HOME$/.ivy2/cache/org.scalameta/inline_2.12/jars/inline_2.12-1.7.0.jar" />
              <option value="file:$USER_HOME$/.ivy2/cache/org.scalameta/semantic_2.12/jars/semantic_2.12-1.7.0.jar" />
              <option value="file:$USER_HOME$/.ivy2/cache/com.trueaccord.scalapb/scalapb-runtime_2.12/jars/scalapb-runtime_2.12-0.6.0-pre2.jar" />
              <option value="file:$USER_HOME$/.ivy2/cache/com.trueaccord.lenses/lenses_2.12/jars/lenses_2.12-0.4.10.jar" />
              <option value="file:$USER_HOME$/.ivy2/cache/com.google.protobuf/protobuf-java/bundles/protobuf-java-3.2.0.jar" />
              <option value="file:$USER_HOME$/.ivy2/cache/com.geirsson/metaconfig-core_2.12/jars/metaconfig-core_2.12-0.4.0.jar" />
              <option value="file:$USER_HOME$/.ivy2/cache/com.geirsson/metaconfig-typesafe-config_2.12/jars/metaconfig-typesafe-config_2.12-0.4.0.jar" />
              <option value="file:$USER_HOME$/.ivy2/cache/com.typesafe/config/bundles/config-1.2.1.jar" />
              <option value="file:$USER_HOME$/.ivy2/cache/org.scala-lang/scala-reflect/jars/scala-reflect-2.12.15.jar" />
              <option value="file:$USER_HOME$/.ivy2/cache/org.scala-lang/scala-library/jars/scala-library-2.12.15.jar" />
            </array>
          </value>
        </entry>
        <entry key="2.0.0">
          <value>
            <array>
              <option value="file:$USER_HOME$/.ivy2/cache/org.scalameta/scalafmt-core_2.12/jars/scalafmt-core_2.12-2.0.0.jar" />
              <option value="file:$USER_HOME$/.ivy2/cache/com.geirsson/metaconfig-core_2.12/jars/metaconfig-core_2.12-0.8.3.jar" />
              <option value="file:$USER_HOME$/.ivy2/cache/com.lihaoyi/pprint_2.12/jars/pprint_2.12-0.5.3.jar" />
              <option value="file:$USER_HOME$/.ivy2/cache/com.lihaoyi/fansi_2.12/jars/fansi_2.12-0.2.5.jar" />
              <option value="file:$USER_HOME$/.ivy2/cache/org.typelevel/paiges-core_2.12/jars/paiges-core_2.12-0.2.0.jar" />
              <option value="file:$USER_HOME$/.ivy2/cache/org.scalameta/scalameta_2.12/jars/scalameta_2.12-4.2.0.jar" />
              <option value="file:$USER_HOME$/.ivy2/cache/org.scalameta/parsers_2.12/jars/parsers_2.12-4.2.0.jar" />
              <option value="file:$USER_HOME$/.ivy2/cache/org.scalameta/trees_2.12/jars/trees_2.12-4.2.0.jar" />
              <option value="file:$USER_HOME$/.ivy2/cache/org.scalameta/common_2.12/jars/common_2.12-4.2.0.jar" />
              <option value="file:$USER_HOME$/.ivy2/cache/com.lihaoyi/sourcecode_2.12/bundles/sourcecode_2.12-0.1.7.jar" />
              <option value="file:$USER_HOME$/.ivy2/cache/org.scalameta/fastparse_2.12/jars/fastparse_2.12-1.0.1.jar" />
              <option value="file:$USER_HOME$/.ivy2/cache/org.scalameta/fastparse-utils_2.12/jars/fastparse-utils_2.12-1.0.1.jar" />
              <option value="file:$USER_HOME$/.ivy2/cache/org.scala-lang/scalap/jars/scalap-2.12.8.jar" />
              <option value="file:$USER_HOME$/.ivy2/cache/org.scala-lang/scala-compiler/jars/scala-compiler-2.12.8.jar" />
              <option value="file:$USER_HOME$/.ivy2/cache/org.scala-lang.modules/scala-xml_2.12/bundles/scala-xml_2.12-1.0.6.jar" />
              <option value="file:$USER_HOME$/.ivy2/cache/com.geirsson/metaconfig-typesafe-config_2.12/jars/metaconfig-typesafe-config_2.12-0.8.3.jar" />
              <option value="file:$USER_HOME$/.ivy2/cache/com.typesafe/config/bundles/config-1.2.1.jar" />
              <option value="file:$USER_HOME$/.ivy2/cache/org.scala-lang/scala-reflect/jars/scala-reflect-2.12.15.jar" />
              <option value="file:$USER_HOME$/.ivy2/cache/org.scala-lang/scala-library/jars/scala-library-2.12.15.jar" />
            </array>
          </value>
        </entry>
        <entry key="2.0.1">
          <value>
            <array>
              <option value="file:$USER_HOME$/.ivy2/cache/org.scalameta/scalafmt-cli_2.12/jars/scalafmt-cli_2.12-2.0.1.jar" />
              <option value="file:$USER_HOME$/.ivy2/cache/org.scala-lang/scala-library/jars/scala-library-2.12.8.jar" />
              <option value="file:$USER_HOME$/.ivy2/cache/org.scalameta/scalafmt-core_2.12/jars/scalafmt-core_2.12-2.0.1.jar" />
              <option value="file:$USER_HOME$/.ivy2/cache/com.geirsson/metaconfig-core_2.12/jars/metaconfig-core_2.12-0.8.3.jar" />
              <option value="file:$USER_HOME$/.ivy2/cache/com.lihaoyi/pprint_2.12/jars/pprint_2.12-0.5.3.jar" />
              <option value="file:$USER_HOME$/.ivy2/cache/com.lihaoyi/fansi_2.12/jars/fansi_2.12-0.2.5.jar" />
              <option value="file:$USER_HOME$/.ivy2/cache/org.typelevel/paiges-core_2.12/jars/paiges-core_2.12-0.2.0.jar" />
              <option value="file:$USER_HOME$/.ivy2/cache/org.scalameta/scalameta_2.12/jars/scalameta_2.12-4.2.0.jar" />
              <option value="file:$USER_HOME$/.ivy2/cache/org.scalameta/parsers_2.12/jars/parsers_2.12-4.2.0.jar" />
              <option value="file:$USER_HOME$/.ivy2/cache/org.scalameta/trees_2.12/jars/trees_2.12-4.2.0.jar" />
              <option value="file:$USER_HOME$/.ivy2/cache/org.scalameta/common_2.12/jars/common_2.12-4.2.0.jar" />
              <option value="file:$USER_HOME$/.ivy2/cache/com.lihaoyi/sourcecode_2.12/bundles/sourcecode_2.12-0.1.7.jar" />
              <option value="file:$USER_HOME$/.ivy2/cache/org.scalameta/fastparse_2.12/jars/fastparse_2.12-1.0.1.jar" />
              <option value="file:$USER_HOME$/.ivy2/cache/org.scalameta/fastparse-utils_2.12/jars/fastparse-utils_2.12-1.0.1.jar" />
              <option value="file:$USER_HOME$/.ivy2/cache/org.scala-lang/scalap/jars/scalap-2.12.8.jar" />
              <option value="file:$USER_HOME$/.ivy2/cache/org.scala-lang/scala-compiler/jars/scala-compiler-2.12.8.jar" />
              <option value="file:$USER_HOME$/.ivy2/cache/org.scala-lang/scala-reflect/jars/scala-reflect-2.12.8.jar" />
              <option value="file:$USER_HOME$/.ivy2/cache/com.geirsson/metaconfig-typesafe-config_2.12/jars/metaconfig-typesafe-config_2.12-0.8.3.jar" />
              <option value="file:$USER_HOME$/.ivy2/cache/org.scalameta/scalafmt-dynamic_2.12/jars/scalafmt-dynamic_2.12-2.0.1.jar" />
              <option value="file:$USER_HOME$/.ivy2/cache/org.scalameta/scalafmt-interfaces/jars/scalafmt-interfaces-2.0.1.jar" />
              <option value="file:$USER_HOME$/.ivy2/cache/com.geirsson/coursier-small_2.12/jars/coursier-small_2.12-1.3.1.jar" />
              <option value="file:$USER_HOME$/.ivy2/cache/com.typesafe/config/bundles/config-1.3.3.jar" />
              <option value="file:$USER_HOME$/.ivy2/cache/com.googlecode.java-diff-utils/diffutils/jars/diffutils-1.3.0.jar" />
              <option value="file:$USER_HOME$/.ivy2/cache/com.martiansoftware/nailgun-server/jars/nailgun-server-0.9.1.jar" />
              <option value="file:$USER_HOME$/.ivy2/cache/com.github.scopt/scopt_2.12/jars/scopt_2.12-3.5.0.jar" />
              <option value="file:$USER_HOME$/.ivy2/cache/org.scala-lang.modules/scala-xml_2.12/bundles/scala-xml_2.12-1.1.1.jar" />
            </array>
          </value>
        </entry>
        <entry key="2.3.0">
          <value>
            <array>
              <option value="file:$USER_HOME$/.ivy2/cache/org.scalameta/scalafmt-core_2.13/jars/scalafmt-core_2.13-2.3.0.jar" />
              <option value="file:$USER_HOME$/.ivy2/cache/com.geirsson/metaconfig-core_2.13/jars/metaconfig-core_2.13-0.9.4.jar" />
              <option value="file:$USER_HOME$/.ivy2/cache/org.typelevel/paiges-core_2.13/jars/paiges-core_2.13-0.2.4.jar" />
              <option value="file:$USER_HOME$/.ivy2/cache/org.scala-lang.modules/scala-collection-compat_2.13/bundles/scala-collection-compat_2.13-2.1.2.jar" />
              <option value="file:$USER_HOME$/.ivy2/cache/com.lihaoyi/pprint_2.13/jars/pprint_2.13-0.5.5.jar" />
              <option value="file:$USER_HOME$/.ivy2/cache/com.lihaoyi/fansi_2.13/jars/fansi_2.13-0.2.7.jar" />
              <option value="file:$USER_HOME$/.ivy2/cache/com.lihaoyi/sourcecode_2.13/bundles/sourcecode_2.13-0.1.7.jar" />
              <option value="file:$USER_HOME$/.ivy2/cache/org.scalameta/scalameta_2.13/jars/scalameta_2.13-4.3.0.jar" />
              <option value="file:$USER_HOME$/.ivy2/cache/org.scalameta/parsers_2.13/jars/parsers_2.13-4.3.0.jar" />
              <option value="file:$USER_HOME$/.ivy2/cache/org.scalameta/trees_2.13/jars/trees_2.13-4.3.0.jar" />
              <option value="file:$USER_HOME$/.ivy2/cache/org.scalameta/common_2.13/jars/common_2.13-4.3.0.jar" />
              <option value="file:$USER_HOME$/.ivy2/cache/org.scalameta/fastparse_2.13/jars/fastparse_2.13-1.0.1.jar" />
              <option value="file:$USER_HOME$/.ivy2/cache/org.scalameta/fastparse-utils_2.13/jars/fastparse-utils_2.13-1.0.1.jar" />
              <option value="file:$USER_HOME$/.ivy2/cache/org.scala-lang/scalap/jars/scalap-2.13.1.jar" />
              <option value="file:$USER_HOME$/.ivy2/cache/org.scala-lang/scala-compiler/jars/scala-compiler-2.13.1.jar" />
              <option value="file:$USER_HOME$/.ivy2/cache/jline/jline/jars/jline-2.14.6.jar" />
              <option value="file:$USER_HOME$/.ivy2/cache/org.fusesource.jansi/jansi/jars/jansi-1.12.jar" />
              <option value="file:$USER_HOME$/.ivy2/cache/com.geirsson/metaconfig-typesafe-config_2.13/jars/metaconfig-typesafe-config_2.13-0.9.4.jar" />
              <option value="file:$USER_HOME$/.ivy2/cache/com.typesafe/config/bundles/config-1.2.1.jar" />
              <option value="file:$USER_HOME$/.ivy2/cache/org.scala-lang/scala-reflect/jars/scala-reflect-2.13.8.jar" />
              <option value="file:$USER_HOME$/.ivy2/cache/org.scala-lang/scala-library/jars/scala-library-2.13.8.jar" />
            </array>
          </value>
        </entry>
        <entry key="2.3.1">
          <value>
            <array>
              <option value="file:$USER_HOME$/.ivy2/cache/org.scalameta/scalafmt-core_2.13/jars/scalafmt-core_2.13-2.3.1.jar" />
              <option value="file:$USER_HOME$/.ivy2/cache/com.geirsson/metaconfig-core_2.13/jars/metaconfig-core_2.13-0.9.4.jar" />
              <option value="file:$USER_HOME$/.ivy2/cache/org.typelevel/paiges-core_2.13/jars/paiges-core_2.13-0.2.4.jar" />
              <option value="file:$USER_HOME$/.ivy2/cache/org.scala-lang.modules/scala-collection-compat_2.13/bundles/scala-collection-compat_2.13-2.1.2.jar" />
              <option value="file:$USER_HOME$/.ivy2/cache/com.lihaoyi/pprint_2.13/jars/pprint_2.13-0.5.5.jar" />
              <option value="file:$USER_HOME$/.ivy2/cache/com.lihaoyi/fansi_2.13/jars/fansi_2.13-0.2.7.jar" />
              <option value="file:$USER_HOME$/.ivy2/cache/com.lihaoyi/sourcecode_2.13/bundles/sourcecode_2.13-0.1.7.jar" />
              <option value="file:$USER_HOME$/.ivy2/cache/org.scalameta/scalameta_2.13/jars/scalameta_2.13-4.3.0.jar" />
              <option value="file:$USER_HOME$/.ivy2/cache/org.scalameta/parsers_2.13/jars/parsers_2.13-4.3.0.jar" />
              <option value="file:$USER_HOME$/.ivy2/cache/org.scalameta/trees_2.13/jars/trees_2.13-4.3.0.jar" />
              <option value="file:$USER_HOME$/.ivy2/cache/org.scalameta/common_2.13/jars/common_2.13-4.3.0.jar" />
              <option value="file:$USER_HOME$/.ivy2/cache/org.scalameta/fastparse_2.13/jars/fastparse_2.13-1.0.1.jar" />
              <option value="file:$USER_HOME$/.ivy2/cache/org.scalameta/fastparse-utils_2.13/jars/fastparse-utils_2.13-1.0.1.jar" />
              <option value="file:$USER_HOME$/.ivy2/cache/org.scala-lang/scalap/jars/scalap-2.13.1.jar" />
              <option value="file:$USER_HOME$/.ivy2/cache/org.scala-lang/scala-compiler/jars/scala-compiler-2.13.1.jar" />
              <option value="file:$USER_HOME$/.ivy2/cache/jline/jline/jars/jline-2.14.6.jar" />
              <option value="file:$USER_HOME$/.ivy2/cache/org.fusesource.jansi/jansi/jars/jansi-1.12.jar" />
              <option value="file:$USER_HOME$/.ivy2/cache/com.geirsson/metaconfig-typesafe-config_2.13/jars/metaconfig-typesafe-config_2.13-0.9.4.jar" />
              <option value="file:$USER_HOME$/.ivy2/cache/com.typesafe/config/bundles/config-1.2.1.jar" />
              <option value="file:$USER_HOME$/.ivy2/cache/org.scala-lang/scala-reflect/jars/scala-reflect-2.13.8.jar" />
              <option value="file:$USER_HOME$/.ivy2/cache/org.scala-lang/scala-library/jars/scala-library-2.13.8.jar" />
            </array>
          </value>
        </entry>
        <entry key="2.3.2">
          <value>
            <array>
              <option value="file:$USER_HOME$/.ivy2/cache/org.scalameta/scalafmt-core_2.13/jars/scalafmt-core_2.13-2.3.2.jar" />
              <option value="file:$USER_HOME$/.ivy2/cache/com.geirsson/metaconfig-core_2.13/jars/metaconfig-core_2.13-0.9.4.jar" />
              <option value="file:$USER_HOME$/.ivy2/cache/org.typelevel/paiges-core_2.13/jars/paiges-core_2.13-0.2.4.jar" />
              <option value="file:$USER_HOME$/.ivy2/cache/org.scala-lang.modules/scala-collection-compat_2.13/bundles/scala-collection-compat_2.13-2.1.2.jar" />
              <option value="file:$USER_HOME$/.ivy2/cache/com.lihaoyi/pprint_2.13/jars/pprint_2.13-0.5.5.jar" />
              <option value="file:$USER_HOME$/.ivy2/cache/com.lihaoyi/fansi_2.13/jars/fansi_2.13-0.2.7.jar" />
              <option value="file:$USER_HOME$/.ivy2/cache/com.lihaoyi/sourcecode_2.13/bundles/sourcecode_2.13-0.1.7.jar" />
              <option value="file:$USER_HOME$/.ivy2/cache/org.scalameta/scalameta_2.13/jars/scalameta_2.13-4.3.0.jar" />
              <option value="file:$USER_HOME$/.ivy2/cache/org.scalameta/parsers_2.13/jars/parsers_2.13-4.3.0.jar" />
              <option value="file:$USER_HOME$/.ivy2/cache/org.scalameta/trees_2.13/jars/trees_2.13-4.3.0.jar" />
              <option value="file:$USER_HOME$/.ivy2/cache/org.scalameta/common_2.13/jars/common_2.13-4.3.0.jar" />
              <option value="file:$USER_HOME$/.ivy2/cache/org.scalameta/fastparse_2.13/jars/fastparse_2.13-1.0.1.jar" />
              <option value="file:$USER_HOME$/.ivy2/cache/org.scalameta/fastparse-utils_2.13/jars/fastparse-utils_2.13-1.0.1.jar" />
              <option value="file:$USER_HOME$/.ivy2/cache/org.scala-lang/scalap/jars/scalap-2.13.1.jar" />
              <option value="file:$USER_HOME$/.ivy2/cache/org.scala-lang/scala-compiler/jars/scala-compiler-2.13.1.jar" />
              <option value="file:$USER_HOME$/.ivy2/cache/jline/jline/jars/jline-2.14.6.jar" />
              <option value="file:$USER_HOME$/.ivy2/cache/org.fusesource.jansi/jansi/jars/jansi-1.12.jar" />
              <option value="file:$USER_HOME$/.ivy2/cache/com.geirsson/metaconfig-typesafe-config_2.13/jars/metaconfig-typesafe-config_2.13-0.9.4.jar" />
              <option value="file:$USER_HOME$/.ivy2/cache/com.typesafe/config/bundles/config-1.2.1.jar" />
              <option value="file:$USER_HOME$/.ivy2/cache/org.scala-lang/scala-reflect/jars/scala-reflect-2.13.8.jar" />
              <option value="file:$USER_HOME$/.ivy2/cache/org.scala-lang/scala-library/jars/scala-library-2.13.8.jar" />
            </array>
          </value>
        </entry>
        <entry key="2.4.0">
          <value>
            <array>
              <option value="file:$USER_HOME$/.ivy2/cache/org.scalameta/scalafmt-core_2.13/jars/scalafmt-core_2.13-2.4.0.jar" />
              <option value="file:$USER_HOME$/.ivy2/cache/com.geirsson/metaconfig-core_2.13/jars/metaconfig-core_2.13-0.9.8.jar" />
              <option value="file:$USER_HOME$/.ivy2/cache/org.scalameta/munit_2.13/jars/munit_2.13-0.4.5.jar" />
              <option value="file:$USER_HOME$/.ivy2/cache/junit/junit/jars/junit-4.13.jar" />
              <option value="file:$USER_HOME$/.ivy2/cache/org.hamcrest/hamcrest-core/jars/hamcrest-core-1.3.jar" />
              <option value="file:$USER_HOME$/.ivy2/cache/com.geirsson/junit-interface/jars/junit-interface-0.11.9.jar" />
              <option value="file:$USER_HOME$/.ivy2/cache/org.scala-sbt/test-interface/jars/test-interface-1.0.jar" />
              <option value="file:$USER_HOME$/.ivy2/cache/org.typelevel/paiges-core_2.13/jars/paiges-core_2.13-0.3.0.jar" />
              <option value="file:$USER_HOME$/.ivy2/cache/org.scala-lang.modules/scala-collection-compat_2.13/bundles/scala-collection-compat_2.13-2.1.2.jar" />
              <option value="file:$USER_HOME$/.ivy2/cache/com.lihaoyi/pprint_2.13/jars/pprint_2.13-0.5.5.jar" />
              <option value="file:$USER_HOME$/.ivy2/cache/com.lihaoyi/fansi_2.13/jars/fansi_2.13-0.2.7.jar" />
              <option value="file:$USER_HOME$/.ivy2/cache/com.lihaoyi/sourcecode_2.13/bundles/sourcecode_2.13-0.1.7.jar" />
              <option value="file:$USER_HOME$/.ivy2/cache/org.scalameta/scalameta_2.13/jars/scalameta_2.13-4.3.0.jar" />
              <option value="file:$USER_HOME$/.ivy2/cache/org.scalameta/parsers_2.13/jars/parsers_2.13-4.3.0.jar" />
              <option value="file:$USER_HOME$/.ivy2/cache/org.scalameta/trees_2.13/jars/trees_2.13-4.3.0.jar" />
              <option value="file:$USER_HOME$/.ivy2/cache/org.scalameta/common_2.13/jars/common_2.13-4.3.0.jar" />
              <option value="file:$USER_HOME$/.ivy2/cache/org.scalameta/fastparse_2.13/jars/fastparse_2.13-1.0.1.jar" />
              <option value="file:$USER_HOME$/.ivy2/cache/org.scalameta/fastparse-utils_2.13/jars/fastparse-utils_2.13-1.0.1.jar" />
              <option value="file:$USER_HOME$/.ivy2/cache/org.scala-lang/scalap/jars/scalap-2.13.1.jar" />
              <option value="file:$USER_HOME$/.ivy2/cache/org.scala-lang/scala-compiler/jars/scala-compiler-2.13.1.jar" />
              <option value="file:$USER_HOME$/.ivy2/cache/jline/jline/jars/jline-2.14.6.jar" />
              <option value="file:$USER_HOME$/.ivy2/cache/org.fusesource.jansi/jansi/jars/jansi-1.12.jar" />
              <option value="file:$USER_HOME$/.ivy2/cache/com.geirsson/metaconfig-typesafe-config_2.13/jars/metaconfig-typesafe-config_2.13-0.9.8.jar" />
              <option value="file:$USER_HOME$/.ivy2/cache/com.typesafe/config/bundles/config-1.2.1.jar" />
              <option value="file:$USER_HOME$/.ivy2/cache/org.scala-lang/scala-reflect/jars/scala-reflect-2.13.8.jar" />
              <option value="file:$USER_HOME$/.ivy2/cache/org.scala-lang/scala-library/jars/scala-library-2.13.8.jar" />
            </array>
          </value>
        </entry>
        <entry key="2.4.2">
          <value>
            <array>
              <option value="file:$USER_HOME$/.ivy2/cache/org.scalameta/scalafmt-core_2.13/jars/scalafmt-core_2.13-2.4.2.jar" />
              <option value="file:$USER_HOME$/.ivy2/cache/com.geirsson/metaconfig-core_2.13/jars/metaconfig-core_2.13-0.9.8.jar" />
              <option value="file:$USER_HOME$/.ivy2/cache/org.scalameta/munit_2.13/jars/munit_2.13-0.4.5.jar" />
              <option value="file:$USER_HOME$/.ivy2/cache/junit/junit/jars/junit-4.13.jar" />
              <option value="file:$USER_HOME$/.ivy2/cache/org.hamcrest/hamcrest-core/jars/hamcrest-core-1.3.jar" />
              <option value="file:$USER_HOME$/.ivy2/cache/com.geirsson/junit-interface/jars/junit-interface-0.11.9.jar" />
              <option value="file:$USER_HOME$/.ivy2/cache/org.scala-sbt/test-interface/jars/test-interface-1.0.jar" />
              <option value="file:$USER_HOME$/.ivy2/cache/org.typelevel/paiges-core_2.13/jars/paiges-core_2.13-0.3.0.jar" />
              <option value="file:$USER_HOME$/.ivy2/cache/org.scala-lang.modules/scala-collection-compat_2.13/bundles/scala-collection-compat_2.13-2.1.2.jar" />
              <option value="file:$USER_HOME$/.ivy2/cache/com.lihaoyi/pprint_2.13/jars/pprint_2.13-0.5.5.jar" />
              <option value="file:$USER_HOME$/.ivy2/cache/com.lihaoyi/fansi_2.13/jars/fansi_2.13-0.2.7.jar" />
              <option value="file:$USER_HOME$/.ivy2/cache/com.lihaoyi/sourcecode_2.13/bundles/sourcecode_2.13-0.1.7.jar" />
              <option value="file:$USER_HOME$/.ivy2/cache/org.scalameta/scalameta_2.13/jars/scalameta_2.13-4.3.0.jar" />
              <option value="file:$USER_HOME$/.ivy2/cache/org.scalameta/parsers_2.13/jars/parsers_2.13-4.3.0.jar" />
              <option value="file:$USER_HOME$/.ivy2/cache/org.scalameta/trees_2.13/jars/trees_2.13-4.3.0.jar" />
              <option value="file:$USER_HOME$/.ivy2/cache/org.scalameta/common_2.13/jars/common_2.13-4.3.0.jar" />
              <option value="file:$USER_HOME$/.ivy2/cache/org.scalameta/fastparse_2.13/jars/fastparse_2.13-1.0.1.jar" />
              <option value="file:$USER_HOME$/.ivy2/cache/org.scalameta/fastparse-utils_2.13/jars/fastparse-utils_2.13-1.0.1.jar" />
              <option value="file:$USER_HOME$/.ivy2/cache/org.scala-lang/scalap/jars/scalap-2.13.1.jar" />
              <option value="file:$USER_HOME$/.ivy2/cache/org.scala-lang/scala-compiler/jars/scala-compiler-2.13.1.jar" />
              <option value="file:$USER_HOME$/.ivy2/cache/jline/jline/jars/jline-2.14.6.jar" />
              <option value="file:$USER_HOME$/.ivy2/cache/org.fusesource.jansi/jansi/jars/jansi-1.12.jar" />
              <option value="file:$USER_HOME$/.ivy2/cache/com.geirsson/metaconfig-typesafe-config_2.13/jars/metaconfig-typesafe-config_2.13-0.9.8.jar" />
              <option value="file:$USER_HOME$/.ivy2/cache/com.typesafe/config/bundles/config-1.2.1.jar" />
              <option value="file:$USER_HOME$/.ivy2/cache/org.scala-lang/scala-reflect/jars/scala-reflect-2.13.8.jar" />
              <option value="file:$USER_HOME$/.ivy2/cache/org.scala-lang/scala-library/jars/scala-library-2.13.8.jar" />
            </array>
          </value>
        </entry>
        <entry key="2.7.0">
          <value>
            <array>
              <option value="file:$USER_HOME$/.ivy2/cache/org.scalameta/scalafmt-core_2.13/jars/scalafmt-core_2.13-2.7.0.jar" />
              <option value="file:$USER_HOME$/.ivy2/cache/com.geirsson/metaconfig-core_2.13/jars/metaconfig-core_2.13-0.9.10.jar" />
              <option value="file:$USER_HOME$/.ivy2/cache/org.typelevel/paiges-core_2.13/jars/paiges-core_2.13-0.3.0.jar" />
              <option value="file:$USER_HOME$/.ivy2/cache/org.scala-lang.modules/scala-collection-compat_2.13/bundles/scala-collection-compat_2.13-2.1.2.jar" />
              <option value="file:$USER_HOME$/.ivy2/cache/com.lihaoyi/pprint_2.13/jars/pprint_2.13-0.5.9.jar" />
              <option value="file:$USER_HOME$/.ivy2/cache/com.lihaoyi/fansi_2.13/jars/fansi_2.13-0.2.9.jar" />
              <option value="file:$USER_HOME$/.ivy2/cache/com.lihaoyi/sourcecode_2.13/jars/sourcecode_2.13-0.2.1.jar" />
              <option value="file:$USER_HOME$/.ivy2/cache/org.scalameta/scalameta_2.13/jars/scalameta_2.13-4.3.21.jar" />
              <option value="file:$USER_HOME$/.ivy2/cache/org.scalameta/parsers_2.13/jars/parsers_2.13-4.3.21.jar" />
              <option value="file:$USER_HOME$/.ivy2/cache/org.scalameta/trees_2.13/jars/trees_2.13-4.3.21.jar" />
              <option value="file:$USER_HOME$/.ivy2/cache/org.scalameta/common_2.13/jars/common_2.13-4.3.21.jar" />
              <option value="file:$USER_HOME$/.ivy2/cache/org.scalameta/fastparse_2.13/jars/fastparse_2.13-1.0.1.jar" />
              <option value="file:$USER_HOME$/.ivy2/cache/org.scalameta/fastparse-utils_2.13/jars/fastparse-utils_2.13-1.0.1.jar" />
              <option value="file:$USER_HOME$/.ivy2/cache/org.scala-lang/scalap/jars/scalap-2.13.3.jar" />
              <option value="file:$USER_HOME$/.ivy2/cache/org.scala-lang/scala-compiler/jars/scala-compiler-2.13.3.jar" />
              <option value="file:$USER_HOME$/.ivy2/cache/org.jline/jline/jars/jline-3.15.0.jar" />
              <option value="file:$USER_HOME$/.ivy2/cache/net.java.dev.jna/jna/jars/jna-5.3.1.jar" />
              <option value="file:$USER_HOME$/.ivy2/cache/org.scala-lang.modules/scala-parallel-collections_2.13/jars/scala-parallel-collections_2.13-0.2.0.jar" />
              <option value="file:$USER_HOME$/.ivy2/cache/com.geirsson/metaconfig-typesafe-config_2.13/jars/metaconfig-typesafe-config_2.13-0.9.10.jar" />
              <option value="file:$USER_HOME$/.ivy2/cache/com.typesafe/config/bundles/config-1.2.1.jar" />
              <option value="file:$USER_HOME$/.ivy2/cache/org.scala-lang/scala-reflect/jars/scala-reflect-2.13.8.jar" />
              <option value="file:$USER_HOME$/.ivy2/cache/org.scala-lang/scala-library/jars/scala-library-2.13.8.jar" />
            </array>
          </value>
        </entry>
        <entry key="2.7.5">
          <value>
            <array>
              <option value="file:$USER_HOME$/.ivy2/cache/org.scalameta/scalafmt-core_2.13/jars/scalafmt-core_2.13-2.7.5.jar" />
              <option value="file:$USER_HOME$/.ivy2/cache/com.geirsson/metaconfig-core_2.13/jars/metaconfig-core_2.13-0.9.10.jar" />
              <option value="file:$USER_HOME$/.ivy2/cache/org.typelevel/paiges-core_2.13/jars/paiges-core_2.13-0.3.0.jar" />
              <option value="file:$USER_HOME$/.ivy2/cache/org.scala-lang.modules/scala-collection-compat_2.13/bundles/scala-collection-compat_2.13-2.1.2.jar" />
              <option value="file:$USER_HOME$/.ivy2/cache/com.lihaoyi/pprint_2.13/jars/pprint_2.13-0.5.9.jar" />
              <option value="file:$USER_HOME$/.ivy2/cache/com.lihaoyi/fansi_2.13/jars/fansi_2.13-0.2.9.jar" />
              <option value="file:$USER_HOME$/.ivy2/cache/com.lihaoyi/sourcecode_2.13/jars/sourcecode_2.13-0.2.1.jar" />
              <option value="file:$USER_HOME$/.ivy2/cache/org.scalameta/scalameta_2.13/jars/scalameta_2.13-4.3.22.jar" />
              <option value="file:$USER_HOME$/.ivy2/cache/org.scalameta/parsers_2.13/jars/parsers_2.13-4.3.22.jar" />
              <option value="file:$USER_HOME$/.ivy2/cache/org.scalameta/trees_2.13/jars/trees_2.13-4.3.22.jar" />
              <option value="file:$USER_HOME$/.ivy2/cache/org.scalameta/common_2.13/jars/common_2.13-4.3.22.jar" />
              <option value="file:$USER_HOME$/.ivy2/cache/org.scalameta/fastparse_2.13/jars/fastparse_2.13-1.0.1.jar" />
              <option value="file:$USER_HOME$/.ivy2/cache/org.scalameta/fastparse-utils_2.13/jars/fastparse-utils_2.13-1.0.1.jar" />
              <option value="file:$USER_HOME$/.ivy2/cache/org.scala-lang/scalap/jars/scalap-2.13.3.jar" />
              <option value="file:$USER_HOME$/.ivy2/cache/org.scala-lang/scala-compiler/jars/scala-compiler-2.13.3.jar" />
              <option value="file:$USER_HOME$/.ivy2/cache/org.jline/jline/jars/jline-3.15.0.jar" />
              <option value="file:$USER_HOME$/.ivy2/cache/net.java.dev.jna/jna/jars/jna-5.3.1.jar" />
              <option value="file:$USER_HOME$/.ivy2/cache/org.scala-lang.modules/scala-parallel-collections_2.13/jars/scala-parallel-collections_2.13-0.2.0.jar" />
              <option value="file:$USER_HOME$/.ivy2/cache/com.geirsson/metaconfig-typesafe-config_2.13/jars/metaconfig-typesafe-config_2.13-0.9.10.jar" />
              <option value="file:$USER_HOME$/.ivy2/cache/com.typesafe/config/bundles/config-1.2.1.jar" />
              <option value="file:$USER_HOME$/.ivy2/cache/org.scala-lang/scala-reflect/jars/scala-reflect-2.13.11.jar" />
              <option value="file:$USER_HOME$/.ivy2/cache/org.scala-lang/scala-library/jars/scala-library-2.13.11.jar" />
            </array>
          </value>
        </entry>
        <entry key="3.0.0">
          <value>
            <array>
              <option value="file:$USER_HOME$/.ivy2/cache/org.scalameta/scalafmt-core_2.13/jars/scalafmt-core_2.13-3.0.0.jar" />
              <option value="file:$USER_HOME$/.ivy2/cache/com.geirsson/metaconfig-core_2.13/jars/metaconfig-core_2.13-0.9.14.jar" />
              <option value="file:$USER_HOME$/.ivy2/cache/org.typelevel/paiges-core_2.13/jars/paiges-core_2.13-0.4.1.jar" />
              <option value="file:$USER_HOME$/.ivy2/cache/org.scala-lang.modules/scala-collection-compat_2.13/jars/scala-collection-compat_2.13-2.4.3.jar" />
              <option value="file:$USER_HOME$/.ivy2/cache/com.lihaoyi/pprint_2.13/jars/pprint_2.13-0.6.4.jar" />
              <option value="file:$USER_HOME$/.ivy2/cache/com.lihaoyi/fansi_2.13/jars/fansi_2.13-0.2.12.jar" />
              <option value="file:$USER_HOME$/.ivy2/cache/org.scalameta/scalameta_2.13/jars/scalameta_2.13-4.4.27.jar" />
              <option value="file:$USER_HOME$/.ivy2/cache/org.scalameta/parsers_2.13/jars/parsers_2.13-4.4.27.jar" />
              <option value="file:$USER_HOME$/.ivy2/cache/org.scalameta/trees_2.13/jars/trees_2.13-4.4.27.jar" />
              <option value="file:$USER_HOME$/.ivy2/cache/org.scalameta/common_2.13/jars/common_2.13-4.4.27.jar" />
              <option value="file:$USER_HOME$/.ivy2/cache/com.lihaoyi/sourcecode_2.13/jars/sourcecode_2.13-0.2.7.jar" />
              <option value="file:$USER_HOME$/.ivy2/cache/org.scalameta/fastparse-v2_2.13/jars/fastparse-v2_2.13-2.3.1.jar" />
              <option value="file:$USER_HOME$/.ivy2/cache/com.lihaoyi/geny_2.13/jars/geny_2.13-0.6.5.jar" />
              <option value="file:$USER_HOME$/.ivy2/cache/org.scala-lang/scalap/jars/scalap-2.13.6.jar" />
              <option value="file:$USER_HOME$/.ivy2/cache/org.scala-lang/scala-compiler/jars/scala-compiler-2.13.6.jar" />
              <option value="file:$USER_HOME$/.ivy2/cache/org.jline/jline/jars/jline-3.19.0.jar" />
              <option value="file:$USER_HOME$/.ivy2/cache/net.java.dev.jna/jna/jars/jna-5.3.1.jar" />
              <option value="file:$USER_HOME$/.ivy2/cache/org.scala-lang.modules/scala-parallel-collections_2.13/jars/scala-parallel-collections_2.13-1.0.3.jar" />
              <option value="file:$USER_HOME$/.ivy2/cache/com.geirsson/metaconfig-typesafe-config_2.13/jars/metaconfig-typesafe-config_2.13-0.9.14.jar" />
              <option value="file:$USER_HOME$/.ivy2/cache/com.typesafe/config/bundles/config-1.4.1.jar" />
              <option value="file:$USER_HOME$/.ivy2/cache/org.scala-lang/scala-reflect/jars/scala-reflect-2.13.10.jar" />
              <option value="file:$USER_HOME$/.ivy2/cache/org.scala-lang/scala-library/jars/scala-library-2.13.10.jar" />
            </array>
          </value>
        </entry>
        <entry key="3.0.3">
          <value>
            <array>
              <option value="file:$USER_HOME$/.ivy2/cache/org.scalameta/scalafmt-cli_2.12/jars/scalafmt-cli_2.12-3.0.3.jar" />
              <option value="file:$USER_HOME$/.ivy2/cache/org.scala-lang/scala-library/jars/scala-library-2.12.14.jar" />
              <option value="file:$USER_HOME$/.ivy2/cache/org.scalameta/scalafmt-core_2.12/jars/scalafmt-core_2.12-3.0.3.jar" />
              <option value="file:$USER_HOME$/.ivy2/cache/com.geirsson/metaconfig-core_2.12/jars/metaconfig-core_2.12-0.9.14.jar" />
              <option value="file:$USER_HOME$/.ivy2/cache/org.typelevel/paiges-core_2.12/jars/paiges-core_2.12-0.4.1.jar" />
              <option value="file:$USER_HOME$/.ivy2/cache/org.scala-lang.modules/scala-collection-compat_2.12/jars/scala-collection-compat_2.12-2.4.3.jar" />
              <option value="file:$USER_HOME$/.ivy2/cache/com.lihaoyi/pprint_2.12/jars/pprint_2.12-0.6.4.jar" />
              <option value="file:$USER_HOME$/.ivy2/cache/com.lihaoyi/fansi_2.12/jars/fansi_2.12-0.2.12.jar" />
              <option value="file:$USER_HOME$/.ivy2/cache/org.scalameta/scalameta_2.12/jars/scalameta_2.12-4.4.27.jar" />
              <option value="file:$USER_HOME$/.ivy2/cache/org.scalameta/parsers_2.12/jars/parsers_2.12-4.4.27.jar" />
              <option value="file:$USER_HOME$/.ivy2/cache/org.scalameta/trees_2.12/jars/trees_2.12-4.4.27.jar" />
              <option value="file:$USER_HOME$/.ivy2/cache/org.scalameta/common_2.12/jars/common_2.12-4.4.27.jar" />
              <option value="file:$USER_HOME$/.ivy2/cache/com.lihaoyi/sourcecode_2.12/jars/sourcecode_2.12-0.2.7.jar" />
              <option value="file:$USER_HOME$/.ivy2/cache/org.scalameta/fastparse-v2_2.12/jars/fastparse-v2_2.12-2.3.1.jar" />
              <option value="file:$USER_HOME$/.ivy2/cache/com.lihaoyi/geny_2.12/jars/geny_2.12-0.6.5.jar" />
              <option value="file:$USER_HOME$/.ivy2/cache/org.scala-lang/scalap/jars/scalap-2.12.14.jar" />
              <option value="file:$USER_HOME$/.ivy2/cache/org.scala-lang/scala-compiler/jars/scala-compiler-2.12.14.jar" />
              <option value="file:$USER_HOME$/.ivy2/cache/org.scala-lang/scala-reflect/jars/scala-reflect-2.12.14.jar" />
              <option value="file:$USER_HOME$/.ivy2/cache/com.geirsson/metaconfig-typesafe-config_2.12/jars/metaconfig-typesafe-config_2.12-0.9.14.jar" />
              <option value="file:$USER_HOME$/.ivy2/cache/com.typesafe/config/bundles/config-1.4.1.jar" />
              <option value="file:$USER_HOME$/.ivy2/cache/org.scalameta/scalafmt-dynamic_2.12/jars/scalafmt-dynamic_2.12-3.0.3.jar" />
              <option value="file:$USER_HOME$/.ivy2/cache/org.scalameta/scalafmt-interfaces/jars/scalafmt-interfaces-3.0.3.jar" />
              <option value="file:$USER_HOME$/.ivy2/cache/io.get-coursier/interface/jars/interface-0.0.17.jar" />
              <option value="file:$USER_HOME$/.ivy2/cache/org.scalameta/svm-subs/jars/svm-subs-101.0.0.jar" />
              <option value="file:$USER_HOME$/.ivy2/cache/com.googlecode.java-diff-utils/diffutils/jars/diffutils-1.3.0.jar" />
              <option value="file:$USER_HOME$/.ivy2/cache/com.martiansoftware/nailgun-server/jars/nailgun-server-0.9.1.jar" />
              <option value="file:$USER_HOME$/.ivy2/cache/com.github.scopt/scopt_2.12/jars/scopt_2.12-4.0.1.jar" />
              <option value="file:$USER_HOME$/.ivy2/cache/org.scala-lang.modules/scala-xml_2.12/bundles/scala-xml_2.12-1.3.0.jar" />
            </array>
          </value>
        </entry>
        <entry key="3.0.5">
          <value>
            <array>
              <option value="file:$USER_HOME$/.ivy2/cache/org.scalameta/scalafmt-core_2.13/jars/scalafmt-core_2.13-3.0.5.jar" />
              <option value="file:$USER_HOME$/.ivy2/cache/com.geirsson/metaconfig-core_2.13/jars/metaconfig-core_2.13-0.9.14.jar" />
              <option value="file:$USER_HOME$/.ivy2/cache/org.typelevel/paiges-core_2.13/jars/paiges-core_2.13-0.4.1.jar" />
              <option value="file:$USER_HOME$/.ivy2/cache/org.scala-lang.modules/scala-collection-compat_2.13/jars/scala-collection-compat_2.13-2.4.3.jar" />
              <option value="file:$USER_HOME$/.ivy2/cache/com.lihaoyi/pprint_2.13/jars/pprint_2.13-0.6.4.jar" />
              <option value="file:$USER_HOME$/.ivy2/cache/com.lihaoyi/fansi_2.13/jars/fansi_2.13-0.2.12.jar" />
              <option value="file:$USER_HOME$/.ivy2/cache/org.scalameta/scalameta_2.13/jars/scalameta_2.13-4.4.28.jar" />
              <option value="file:$USER_HOME$/.ivy2/cache/org.scalameta/parsers_2.13/jars/parsers_2.13-4.4.28.jar" />
              <option value="file:$USER_HOME$/.ivy2/cache/org.scalameta/trees_2.13/jars/trees_2.13-4.4.28.jar" />
              <option value="file:$USER_HOME$/.ivy2/cache/org.scalameta/common_2.13/jars/common_2.13-4.4.28.jar" />
              <option value="file:$USER_HOME$/.ivy2/cache/com.lihaoyi/sourcecode_2.13/jars/sourcecode_2.13-0.2.7.jar" />
              <option value="file:$USER_HOME$/.ivy2/cache/org.scalameta/fastparse-v2_2.13/jars/fastparse-v2_2.13-2.3.1.jar" />
              <option value="file:$USER_HOME$/.ivy2/cache/com.lihaoyi/geny_2.13/jars/geny_2.13-0.6.5.jar" />
              <option value="file:$USER_HOME$/.ivy2/cache/org.scala-lang/scalap/jars/scalap-2.13.6.jar" />
              <option value="file:$USER_HOME$/.ivy2/cache/org.scala-lang/scala-compiler/jars/scala-compiler-2.13.6.jar" />
              <option value="file:$USER_HOME$/.ivy2/cache/org.jline/jline/jars/jline-3.19.0.jar" />
              <option value="file:$USER_HOME$/.ivy2/cache/net.java.dev.jna/jna/jars/jna-5.3.1.jar" />
              <option value="file:$USER_HOME$/.ivy2/cache/org.scala-lang.modules/scala-parallel-collections_2.13/jars/scala-parallel-collections_2.13-1.0.3.jar" />
              <option value="file:$USER_HOME$/.ivy2/cache/com.geirsson/metaconfig-typesafe-config_2.13/jars/metaconfig-typesafe-config_2.13-0.9.14.jar" />
              <option value="file:$USER_HOME$/.ivy2/cache/com.typesafe/config/bundles/config-1.4.1.jar" />
              <option value="file:$USER_HOME$/.ivy2/cache/org.scala-lang/scala-reflect/jars/scala-reflect-2.13.8.jar" />
              <option value="file:$USER_HOME$/.ivy2/cache/org.scala-lang/scala-library/jars/scala-library-2.13.8.jar" />
            </array>
          </value>
        </entry>
        <entry key="3.4.3">
          <value>
            <array>
              <option value="file:$USER_HOME$/.ivy2/cache/org.scalameta/scalafmt-core_2.13/jars/scalafmt-core_2.13-3.4.3.jar" />
              <option value="file:$USER_HOME$/.ivy2/cache/org.scala-lang/scala-library/jars/scala-library-2.13.8.jar" />
              <option value="file:$USER_HOME$/.ivy2/cache/org.scalameta/scalafmt-sysops_2.13/jars/scalafmt-sysops_2.13-3.4.3.jar" />
              <option value="file:$USER_HOME$/.ivy2/cache/org.scala-lang.modules/scala-parallel-collections_2.13/jars/scala-parallel-collections_2.13-1.0.4.jar" />
              <option value="file:$USER_HOME$/.ivy2/cache/org.scalameta/scalafmt-config_2.13/jars/scalafmt-config_2.13-3.4.3.jar" />
              <option value="file:$USER_HOME$/.ivy2/cache/com.geirsson/metaconfig-core_2.13/jars/metaconfig-core_2.13-0.10.0.jar" />
              <option value="file:$USER_HOME$/.ivy2/cache/com.geirsson/metaconfig-pprint_2.13/jars/metaconfig-pprint_2.13-0.10.0.jar" />
              <option value="file:$USER_HOME$/.ivy2/cache/org.scala-lang/scala-compiler/jars/scala-compiler-2.13.8.jar" />
              <option value="file:$USER_HOME$/.ivy2/cache/org.scala-lang/scala-reflect/jars/scala-reflect-2.13.8.jar" />
              <option value="file:$USER_HOME$/.ivy2/cache/org.scala-lang/scala-reflect/jars/scala-reflect-2.13.8.jar" />
              <option value="file:$USER_HOME$/.ivy2/cache/org.jline/jline/jars/jline-3.21.0.jar" />
              <option value="file:$USER_HOME$/.ivy2/cache/net.java.dev.jna/jna/jars/jna-5.9.0.jar" />
              <option value="file:$USER_HOME$/.ivy2/cache/com.lihaoyi/fansi_2.13/jars/fansi_2.13-0.3.0.jar" />
              <option value="file:$USER_HOME$/.ivy2/cache/com.lihaoyi/sourcecode_2.13/jars/sourcecode_2.13-0.2.7.jar" />
              <option value="file:$USER_HOME$/.ivy2/cache/org.typelevel/paiges-core_2.13/jars/paiges-core_2.13-0.4.2.jar" />
              <option value="file:$USER_HOME$/.ivy2/cache/org.scala-lang.modules/scala-collection-compat_2.13/jars/scala-collection-compat_2.13-2.5.0.jar" />
              <option value="file:$USER_HOME$/.ivy2/cache/com.geirsson/metaconfig-typesafe-config_2.13/jars/metaconfig-typesafe-config_2.13-0.10.0.jar" />
              <option value="file:$USER_HOME$/.ivy2/cache/com.typesafe/config/bundles/config-1.4.1.jar" />
              <option value="file:$USER_HOME$/.ivy2/cache/org.scalameta/scalameta_2.13/jars/scalameta_2.13-4.4.35.jar" />
              <option value="file:$USER_HOME$/.ivy2/cache/org.scalameta/parsers_2.13/jars/parsers_2.13-4.4.35.jar" />
              <option value="file:$USER_HOME$/.ivy2/cache/org.scalameta/trees_2.13/jars/trees_2.13-4.4.35.jar" />
              <option value="file:$USER_HOME$/.ivy2/cache/org.scalameta/common_2.13/jars/common_2.13-4.4.35.jar" />
              <option value="file:$USER_HOME$/.ivy2/cache/org.scalameta/fastparse-v2_2.13/jars/fastparse-v2_2.13-2.3.1.jar" />
              <option value="file:$USER_HOME$/.ivy2/cache/com.lihaoyi/geny_2.13/jars/geny_2.13-0.6.5.jar" />
              <option value="file:$USER_HOME$/.ivy2/cache/org.scala-lang/scalap/jars/scalap-2.13.8.jar" />
            </array>
          </value>
        </entry>
        <entry key="3.5.5">
          <value>
            <array>
              <option value="file:$USER_HOME$/.ivy2/cache/org.scalameta/scalafmt-core_2.13/jars/scalafmt-core_2.13-3.5.5.jar" />
              <option value="file:$USER_HOME$/.ivy2/cache/org.scala-lang/scala-library/jars/scala-library-2.13.8.jar" />
              <option value="file:$USER_HOME$/.ivy2/cache/org.scalameta/scalafmt-sysops_2.13/jars/scalafmt-sysops_2.13-3.5.5.jar" />
              <option value="file:$USER_HOME$/.ivy2/cache/org.scala-lang.modules/scala-parallel-collections_2.13/jars/scala-parallel-collections_2.13-1.0.4.jar" />
              <option value="file:$USER_HOME$/.ivy2/cache/org.scalameta/scalafmt-config_2.13/jars/scalafmt-config_2.13-3.5.5.jar" />
              <option value="file:$USER_HOME$/.ivy2/cache/com.geirsson/metaconfig-core_2.13/jars/metaconfig-core_2.13-0.10.0.jar" />
              <option value="file:$USER_HOME$/.ivy2/cache/com.geirsson/metaconfig-pprint_2.13/jars/metaconfig-pprint_2.13-0.10.0.jar" />
              <option value="file:$USER_HOME$/.ivy2/cache/org.scala-lang/scala-compiler/jars/scala-compiler-2.13.8.jar" />
              <option value="file:$USER_HOME$/.ivy2/cache/org.scala-lang/scala-reflect/jars/scala-reflect-2.13.8.jar" />
              <option value="file:$USER_HOME$/.ivy2/cache/org.jline/jline/jars/jline-3.21.0.jar" />
              <option value="file:$USER_HOME$/.ivy2/cache/net.java.dev.jna/jna/jars/jna-5.9.0.jar" />
              <option value="file:$USER_HOME$/.ivy2/cache/com.lihaoyi/fansi_2.13/jars/fansi_2.13-0.3.0.jar" />
              <option value="file:$USER_HOME$/.ivy2/cache/com.lihaoyi/sourcecode_2.13/jars/sourcecode_2.13-0.2.7.jar" />
              <option value="file:$USER_HOME$/.ivy2/cache/org.typelevel/paiges-core_2.13/jars/paiges-core_2.13-0.4.2.jar" />
              <option value="file:$USER_HOME$/.ivy2/cache/org.scala-lang.modules/scala-collection-compat_2.13/jars/scala-collection-compat_2.13-2.5.0.jar" />
              <option value="file:$USER_HOME$/.ivy2/cache/com.geirsson/metaconfig-typesafe-config_2.13/jars/metaconfig-typesafe-config_2.13-0.10.0.jar" />
              <option value="file:$USER_HOME$/.ivy2/cache/com.typesafe/config/bundles/config-1.4.1.jar" />
              <option value="file:$USER_HOME$/.ivy2/cache/org.scalameta/scalameta_2.13/jars/scalameta_2.13-4.5.7.jar" />
              <option value="file:$USER_HOME$/.ivy2/cache/org.scalameta/parsers_2.13/jars/parsers_2.13-4.5.7.jar" />
              <option value="file:$USER_HOME$/.ivy2/cache/org.scalameta/trees_2.13/jars/trees_2.13-4.5.7.jar" />
              <option value="file:$USER_HOME$/.ivy2/cache/org.scalameta/common_2.13/jars/common_2.13-4.5.7.jar" />
              <option value="file:$USER_HOME$/.ivy2/cache/org.scalameta/fastparse-v2_2.13/jars/fastparse-v2_2.13-2.3.1.jar" />
              <option value="file:$USER_HOME$/.ivy2/cache/com.lihaoyi/geny_2.13/jars/geny_2.13-0.6.5.jar" />
              <option value="file:$USER_HOME$/.ivy2/cache/org.scala-lang/scalap/jars/scalap-2.13.8.jar" />
            </array>
          </value>
        </entry>
        <entry key="3.7.10">
          <value>
            <array>
              <option value="file:$USER_HOME$/.ivy2/cache/org.scalameta/scalafmt-core_2.13/jars/scalafmt-core_2.13-3.7.10.jar" />
              <option value="file:$USER_HOME$/.ivy2/cache/org.scala-lang/scala-library/jars/scala-library-2.13.11.jar" />
              <option value="file:$USER_HOME$/.ivy2/cache/org.scalameta/scalafmt-sysops_2.13/jars/scalafmt-sysops_2.13-3.7.10.jar" />
              <option value="file:$USER_HOME$/.ivy2/cache/org.scala-lang.modules/scala-parallel-collections_2.13/jars/scala-parallel-collections_2.13-1.0.4.jar" />
              <option value="file:$USER_HOME$/.ivy2/cache/org.scalameta/scalafmt-config_2.13/jars/scalafmt-config_2.13-3.7.10.jar" />
              <option value="file:$USER_HOME$/.ivy2/cache/com.geirsson/metaconfig-core_2.13/jars/metaconfig-core_2.13-0.11.1.jar" />
              <option value="file:$USER_HOME$/.ivy2/cache/com.geirsson/metaconfig-pprint_2.13/jars/metaconfig-pprint_2.13-0.11.1.jar" />
              <option value="file:$USER_HOME$/.ivy2/cache/com.lihaoyi/fansi_2.13/jars/fansi_2.13-0.3.0.jar" />
              <option value="file:$USER_HOME$/.ivy2/cache/org.typelevel/paiges-core_2.13/jars/paiges-core_2.13-0.4.2.jar" />
              <option value="file:$USER_HOME$/.ivy2/cache/org.scala-lang.modules/scala-collection-compat_2.13/jars/scala-collection-compat_2.13-2.5.0.jar" />
              <option value="file:$USER_HOME$/.ivy2/cache/com.geirsson/metaconfig-typesafe-config_2.13/jars/metaconfig-typesafe-config_2.13-0.11.1.jar" />
              <option value="file:$USER_HOME$/.ivy2/cache/com.typesafe/config/bundles/config-1.4.1.jar" />
              <option value="file:$USER_HOME$/.ivy2/cache/org.scalameta/scalameta_2.13/jars/scalameta_2.13-4.8.5.jar" />
              <option value="file:$USER_HOME$/.ivy2/cache/org.scalameta/parsers_2.13/jars/parsers_2.13-4.8.5.jar" />
              <option value="file:$USER_HOME$/.ivy2/cache/org.scalameta/trees_2.13/jars/trees_2.13-4.8.5.jar" />
              <option value="file:$USER_HOME$/.ivy2/cache/org.scalameta/common_2.13/jars/common_2.13-4.8.5.jar" />
              <option value="file:$USER_HOME$/.ivy2/cache/com.lihaoyi/sourcecode_2.13/jars/sourcecode_2.13-0.3.0.jar" />
              <option value="file:$USER_HOME$/.ivy2/cache/org.scala-lang/scalap/jars/scalap-2.13.11.jar" />
              <option value="file:$USER_HOME$/.ivy2/cache/org.scala-lang/scala-compiler/jars/scala-compiler-2.13.11.jar" />
              <option value="file:$USER_HOME$/.ivy2/cache/org.scala-lang/scala-reflect/jars/scala-reflect-2.13.11.jar" />
              <option value="file:$USER_HOME$/.ivy2/cache/io.github.java-diff-utils/java-diff-utils/jars/java-diff-utils-4.12.jar" />
              <option value="file:$USER_HOME$/.ivy2/cache/org.jline/jline/jars/jline-3.22.0.jar" />
              <option value="file:$USER_HOME$/.ivy2/cache/net.java.dev.jna/jna/jars/jna-5.13.0.jar" />
            </array>
          </value>
        </entry>
        <entry key="3.7.12">
          <value>
            <array>
              <option value="file:$USER_HOME$/.ivy2/cache/org.scalameta/scalafmt-core_2.13/jars/scalafmt-core_2.13-3.7.12.jar" />
              <option value="file:$USER_HOME$/.ivy2/cache/org.scala-lang/scala-library/jars/scala-library-2.13.11.jar" />
              <option value="file:$USER_HOME$/.ivy2/cache/org.scalameta/scalafmt-sysops_2.13/jars/scalafmt-sysops_2.13-3.7.12.jar" />
              <option value="file:$USER_HOME$/.ivy2/cache/org.scala-lang.modules/scala-parallel-collections_2.13/jars/scala-parallel-collections_2.13-1.0.4.jar" />
              <option value="file:$USER_HOME$/.ivy2/cache/org.scalameta/scalafmt-config_2.13/jars/scalafmt-config_2.13-3.7.12.jar" />
              <option value="file:$USER_HOME$/.ivy2/cache/com.geirsson/metaconfig-core_2.13/jars/metaconfig-core_2.13-0.11.1.jar" />
              <option value="file:$USER_HOME$/.ivy2/cache/com.geirsson/metaconfig-pprint_2.13/jars/metaconfig-pprint_2.13-0.11.1.jar" />
              <option value="file:$USER_HOME$/.ivy2/cache/com.lihaoyi/fansi_2.13/jars/fansi_2.13-0.3.0.jar" />
              <option value="file:$USER_HOME$/.ivy2/cache/org.typelevel/paiges-core_2.13/jars/paiges-core_2.13-0.4.2.jar" />
              <option value="file:$USER_HOME$/.ivy2/cache/org.scala-lang.modules/scala-collection-compat_2.13/jars/scala-collection-compat_2.13-2.5.0.jar" />
              <option value="file:$USER_HOME$/.ivy2/cache/com.geirsson/metaconfig-typesafe-config_2.13/jars/metaconfig-typesafe-config_2.13-0.11.1.jar" />
              <option value="file:$USER_HOME$/.ivy2/cache/com.typesafe/config/bundles/config-1.4.1.jar" />
              <option value="file:$USER_HOME$/.ivy2/cache/org.scalameta/scalameta_2.13/jars/scalameta_2.13-4.8.7.jar" />
              <option value="file:$USER_HOME$/.ivy2/cache/org.scalameta/parsers_2.13/jars/parsers_2.13-4.8.7.jar" />
              <option value="file:$USER_HOME$/.ivy2/cache/org.scalameta/trees_2.13/jars/trees_2.13-4.8.7.jar" />
              <option value="file:$USER_HOME$/.ivy2/cache/org.scalameta/common_2.13/jars/common_2.13-4.8.7.jar" />
              <option value="file:$USER_HOME$/.ivy2/cache/com.lihaoyi/sourcecode_2.13/jars/sourcecode_2.13-0.3.0.jar" />
              <option value="file:$USER_HOME$/.ivy2/cache/org.scala-lang/scalap/jars/scalap-2.13.11.jar" />
              <option value="file:$USER_HOME$/.ivy2/cache/org.scala-lang/scala-compiler/jars/scala-compiler-2.13.11.jar" />
              <option value="file:$USER_HOME$/.ivy2/cache/org.scala-lang/scala-reflect/jars/scala-reflect-2.13.11.jar" />
              <option value="file:$USER_HOME$/.ivy2/cache/io.github.java-diff-utils/java-diff-utils/jars/java-diff-utils-4.12.jar" />
              <option value="file:$USER_HOME$/.ivy2/cache/org.jline/jline/jars/jline-3.22.0.jar" />
              <option value="file:$USER_HOME$/.ivy2/cache/net.java.dev.jna/jna/jars/jna-5.13.0.jar" />
            </array>
          </value>
        </entry>
      </map>
    </option>
  </component>
</application>