<application>
  <component name="Trusted.Paths">
    <option name="TRUSTED_PROJECT_PATHS">
      <map>
        <entry key="$USER_HOME$/.claude" value="true" />
        <entry key="$USER_HOME$/.claude/commands" value="true" />
        <entry key="$USER_HOME$/CascadeProjects/interaction-tracker" value="true" />
        <entry key="$USER_HOME$/aaa/monorepo/inbox/inbox-search-service" value="true" />
        <entry key="$USER_HOME$/ai-configs" value="true" />
        <entry key="$USER_HOME$/ai-intent" value="true" />
        <entry key="$USER_HOME$/eobuwie_mails" value="true" />
        <entry key="$USER_HOME$/eobuwie_mails/js_test" value="true" />
        <entry key="$USER_HOME$/locales" value="true" />
        <entry key="$USER_HOME$/programming/jupyter/chop" value="true" />
        <entry key="$USER_HOME$/projects/service-mesh/gitlab-demo" value="true" />
        <entry key="$USER_HOME$/projects/service-mesh/mesh-test" value="true" />
        <entry key="$USER_HOME$/projects/service-mesh/private-poc" value="true" />
        <entry key="$USER_HOME$/pworkspaces/ai-configs" value="true" />
        <entry key="$USER_HOME$/scripts/all-scripts" value="true" />
        <entry key="$USER_HOME$/workspaces/PoC/elastic-multi-region-search" value="true" />
        <entry key="$USER_HOME$/workspaces/aaaa/monorepo/inbox/inbox-connector-graphql" value="true" />
        <entry key="$USER_HOME$/workspaces/ai-intent-backend-restarts" value="true" />
        <entry key="$USER_HOME$/workspaces/apm-poc" value="true" />
        <entry key="$USER_HOME$/workspaces/argocd-core-app" value="true" />
        <entry key="$USER_HOME$/workspaces/argocd-datadog-app" value="true" />
        <entry key="$USER_HOME$/workspaces/aws-iac" value="true" />
        <entry key="$USER_HOME$/workspaces/business-reports" value="true" />
        <entry key="$USER_HOME$/workspaces/claude-code-things" value="true" />
        <entry key="$USER_HOME$/workspaces/claude-code-things/example-server-for-mcp" value="true" />
        <entry key="$USER_HOME$/workspaces/claude-code-things/mcp_dev_playground" value="true" />
        <entry key="$USER_HOME$/workspaces/claude-code-things/n8n-examples/telegram-to-notion-db-update" value="true" />
        <entry key="$USER_HOME$/workspaces/claude-code-things/voice-playground" value="true" />
        <entry key="$USER_HOME$/workspaces/cloud/application-resource-credentials" value="true" />
        <entry key="$USER_HOME$/workspaces/cloud/docker-images" value="true" />
        <entry key="$USER_HOME$/workspaces/cloud/grafana-alerts" value="true" />
        <entry key="$USER_HOME$/workspaces/cloud/grafana-dashboards" value="true" />
        <entry key="$USER_HOME$/workspaces/cloud/module-eks" value="true" />
        <entry key="$USER_HOME$/workspaces/cloud/monitoring" value="true" />
        <entry key="$USER_HOME$/workspaces/codeheroes-commons" value="true" />
        <entry key="$USER_HOME$/workspaces/copy/monorepo/core/core-public-gateway" value="true" />
        <entry key="$USER_HOME$/workspaces/copy/monorepo/creator/creator-plugin-response-template" value="true" />
        <entry key="$USER_HOME$/workspaces/copy/monorepo/inbox/inbox-connector-graphql" value="true" />
        <entry key="$USER_HOME$/workspaces/copy2/monorepo/inbox/inbox-connector-graphql" value="true" />
        <entry key="$USER_HOME$/workspaces/customizations" value="true" />
        <entry key="$USER_HOME$/workspaces/datadog_test" value="true" />
        <entry key="$USER_HOME$/workspaces/dev-cluster-conf" value="true" />
        <entry key="$USER_HOME$/workspaces/docker-images" value="true" />
        <entry key="$USER_HOME$/workspaces/docker-images/yarn-ci" value="true" />
        <entry key="$USER_HOME$/workspaces/dopy/2/monorepo/inbox/inbox-search-service" value="true" />
        <entry key="$USER_HOME$/workspaces/dopy/monorepo/inbox/inbox-integration-product-feed" value="true" />
        <entry key="$USER_HOME$/workspaces/dopy/monorepo/inbox/inbox-revenue-dashboard-service" value="true" />
        <entry key="$USER_HOME$/workspaces/dopy/monorepo/inbox/inbox-search-service" value="true" />
        <entry key="$USER_HOME$/workspaces/github/grpc-scala-sample" value="true" />
        <entry key="$USER_HOME$/workspaces/github/micrometer-akka" value="true" />
        <entry key="$USER_HOME$/workspaces/github/practical-reactor" value="true" />
        <entry key="$USER_HOME$/workspaces/github/scala-pet-store" value="true" />
        <entry key="$USER_HOME$/workspaces/gitlab/aws-iac" value="true" />
        <entry key="$USER_HOME$/workspaces/gitlab/cluster-conf" value="true" />
        <entry key="$USER_HOME$/workspaces/gitlab/cluster-conf/kubeconfig/tools/env-variables-verifier" value="true" />
        <entry key="$USER_HOME$/workspaces/gitlab/cluster-conf/kubeconfig/tools/resources-updater" value="true" />
        <entry key="$USER_HOME$/workspaces/gitlab/ecr" value="true" />
        <entry key="$USER_HOME$/workspaces/gitlab/monorepo-battleground/ai/ai-intent-backend" value="true" />
        <entry key="$USER_HOME$/workspaces/gitlab/monorepo-battleground/core/core-user-gateway" value="true" />
        <entry key="$USER_HOME$/workspaces/gitlab/most-recent/monorepo-battleground" value="true" />
        <entry key="$USER_HOME$/workspaces/gitlab/most-recent/monorepo-battleground/core/core-user-gateway" value="true" />
        <entry key="$USER_HOME$/workspaces/gitlab/ssh/monorepo-battleground" value="true" />
        <entry key="$USER_HOME$/workspaces/jfrog" value="true" />
        <entry key="$USER_HOME$/workspaces/kafka-backup-test/kafka-backup-test" value="true" />
        <entry key="$USER_HOME$/workspaces/kafka-consumer-tests/kafka-consumer-tests" value="true" />
        <entry key="$USER_HOME$/workspaces/kafka-consumer-tests/untitled" value="true" />
        <entry key="$USER_HOME$/workspaces/kafka-utils" value="true" />
        <entry key="$USER_HOME$/workspaces/libraries/library-poc" value="true" />
        <entry key="$USER_HOME$/workspaces/libraries/library-poc/grzesiek-test" value="true" />
        <entry key="$USER_HOME$/workspaces/monitoring" value="true" />
        <entry key="$USER_HOME$/workspaces/monitoring/datadog-service-alert-monitor" value="true" />
        <entry key="$USER_HOME$/workspaces/monitoring/grafana-alerts" value="true" />
        <entry key="$USER_HOME$/workspaces/monitoring/monitoring" value="true" />
        <entry key="$USER_HOME$/workspaces/monitoring/slack-alerts-count" value="true" />
        <entry key="$USER_HOME$/workspaces/monorepo" value="true" />
        <entry key="$USER_HOME$/workspaces/monorepo/.gitlab-ci" value="true" />
        <entry key="$USER_HOME$/workspaces/monorepo/.gitlab-ci/codeowners" value="true" />
        <entry key="$USER_HOME$/workspaces/monorepo/.gitlab-ci/notifications" value="true" />
        <entry key="$USER_HOME$/workspaces/monorepo/ai/ai-clustering-service" value="true" />
        <entry key="$USER_HOME$/workspaces/monorepo/ai/ai-intent-backend" value="true" />
        <entry key="$USER_HOME$/workspaces/monorepo/ai/ai-intent-service" value="true" />
        <entry key="$USER_HOME$/workspaces/monorepo/ai/ai-llm-service" value="true" />
        <entry key="$USER_HOME$/workspaces/monorepo/ai/ai-ongoing-dashboard-service" value="true" />
        <entry key="$USER_HOME$/workspaces/monorepo/ai/ai-project-service" value="true" />
        <entry key="$USER_HOME$/workspaces/monorepo/ai/ai-recommendation-service" value="true" />
        <entry key="$USER_HOME$/workspaces/monorepo/ai/ai-sentiment-backend" value="true" />
        <entry key="$USER_HOME$/workspaces/monorepo/ai_supervisor/ai-supervisor-service" value="true" />
        <entry key="$USER_HOME$/workspaces/monorepo/ai_supervisor/ai_supervisor-protobufs/ai_supervisor_service" value="true" />
        <entry key="$USER_HOME$/workspaces/monorepo/altar/altar-connector-chat" value="true" />
        <entry key="$USER_HOME$/workspaces/monorepo/business/planhat-report" value="true" />
        <entry key="$USER_HOME$/workspaces/monorepo/business/planhat-reports" value="true" />
        <entry key="$USER_HOME$/workspaces/monorepo/chat/chat-altar-connector-chat" value="true" />
        <entry key="$USER_HOME$/workspaces/monorepo/chat/chat-conversation-service" value="true" />
        <entry key="$USER_HOME$/workspaces/monorepo/chat/chat-fcm-service" value="true" />
        <entry key="$USER_HOME$/workspaces/monorepo/chat/chat-file-service" value="true" />
        <entry key="$USER_HOME$/workspaces/monorepo/chat/chat-gateway-graphql" value="true" />
        <entry key="$USER_HOME$/workspaces/monorepo/chat/chat-gateway-grpc" value="true" />
        <entry key="$USER_HOME$/workspaces/monorepo/chat/chat-integration-freshchat" value="true" />
        <entry key="$USER_HOME$/workspaces/monorepo/chat/chat-integration-genesys" value="true" />
        <entry key="$USER_HOME$/workspaces/monorepo/chat/chat-integration-gorgias" value="true" />
        <entry key="$USER_HOME$/workspaces/monorepo/chat/chat-integration-livekit-agent" value="true" />
        <entry key="$USER_HOME$/workspaces/monorepo/chat/chat-integration-sunco" value="true" />
        <entry key="$USER_HOME$/workspaces/monorepo/chat/chat-mail-service" value="true" />
        <entry key="$USER_HOME$/workspaces/monorepo/chat/chat-widget-livechat" value="true" />
        <entry key="$USER_HOME$/workspaces/monorepo/core/core-admin-frontend-v2" value="true" />
        <entry key="$USER_HOME$/workspaces/monorepo/core/core-admin-gateway" value="true" />
        <entry key="$USER_HOME$/workspaces/monorepo/core/core-admin-service" value="true" />
        <entry key="$USER_HOME$/workspaces/monorepo/core/core-billing-dashboard-service" value="true" />
        <entry key="$USER_HOME$/workspaces/monorepo/core/core-billing-service" value="true" />
        <entry key="$USER_HOME$/workspaces/monorepo/core/core-environment-service" value="true" />
        <entry key="$USER_HOME$/workspaces/monorepo/core/core-environment-setup-service" value="true" />
        <entry key="$USER_HOME$/workspaces/monorepo/core/core-hubspot-service" value="true" />
        <entry key="$USER_HOME$/workspaces/monorepo/core/core-integration-magento-service" value="true" />
        <entry key="$USER_HOME$/workspaces/monorepo/core/core-integration-shopify-service" value="true" />
        <entry key="$USER_HOME$/workspaces/monorepo/core/core-integrations-hub-service" value="true" />
        <entry key="$USER_HOME$/workspaces/monorepo/core/core-integrations-zendesk" value="true" />
        <entry key="$USER_HOME$/workspaces/monorepo/core/core-integrations-zendesk-service" value="true" />
        <entry key="$USER_HOME$/workspaces/monorepo/core/core-invitation-service" value="true" />
        <entry key="$USER_HOME$/workspaces/monorepo/core/core-mail-service" value="true" />
        <entry key="$USER_HOME$/workspaces/monorepo/core/core-protobufs" value="true" />
        <entry key="$USER_HOME$/workspaces/monorepo/core/core-public-gateway" value="true" />
        <entry key="$USER_HOME$/workspaces/monorepo/core/core-user-gateway" value="true" />
        <entry key="$USER_HOME$/workspaces/monorepo/core/core-user-service" value="true" />
        <entry key="$USER_HOME$/workspaces/monorepo/core/core-zowie-engine-service" value="true" />
        <entry key="$USER_HOME$/workspaces/monorepo/creator/creator-article-service" value="true" />
        <entry key="$USER_HOME$/workspaces/monorepo/creator/creator-articles-service" value="true" />
        <entry key="$USER_HOME$/workspaces/monorepo/creator/creator-automation-service" value="true" />
        <entry key="$USER_HOME$/workspaces/monorepo/creator/creator-automation-statistics-service" value="true" />
        <entry key="$USER_HOME$/workspaces/monorepo/creator/creator-campaign-service" value="true" />
        <entry key="$USER_HOME$/workspaces/monorepo/creator/creator-chat-service" value="true" />
        <entry key="$USER_HOME$/workspaces/monorepo/creator/creator-chatbot-cloner" value="true" />
        <entry key="$USER_HOME$/workspaces/monorepo/creator/creator-chatbot-service" value="true" />
        <entry key="$USER_HOME$/workspaces/monorepo/creator/creator-connector-facebook" value="true" />
        <entry key="$USER_HOME$/workspaces/monorepo/creator/creator-connector-googleactions" value="true" />
        <entry key="$USER_HOME$/workspaces/monorepo/creator/creator-connector-herochat" value="true" />
        <entry key="$USER_HOME$/workspaces/monorepo/creator/creator-connector-instagram" value="true" />
        <entry key="$USER_HOME$/workspaces/monorepo/creator/creator-connector-instagram-java" value="true" />
        <entry key="$USER_HOME$/workspaces/monorepo/creator/creator-connector-metrics-service" value="true" />
        <entry key="$USER_HOME$/workspaces/monorepo/creator/creator-connector-sms" value="true" />
        <entry key="$USER_HOME$/workspaces/monorepo/creator/creator-connector-sunco" value="true" />
        <entry key="$USER_HOME$/workspaces/monorepo/creator/creator-connector-wechat" value="true" />
        <entry key="$USER_HOME$/workspaces/monorepo/creator/creator-connector-whatsapp" value="true" />
        <entry key="$USER_HOME$/workspaces/monorepo/creator/creator-email-connector-gorgias" value="true" />
        <entry key="$USER_HOME$/workspaces/monorepo/creator/creator-email-connector-zendesk" value="true" />
        <entry key="$USER_HOME$/workspaces/monorepo/creator/creator-file-service" value="true" />
        <entry key="$USER_HOME$/workspaces/monorepo/creator/creator-integration-zem" value="true" />
        <entry key="$USER_HOME$/workspaces/monorepo/creator/creator-plugin-base" value="true" />
        <entry key="$USER_HOME$/workspaces/monorepo/creator/creator-plugin-dedicated-alab" value="true" />
        <entry key="$USER_HOME$/workspaces/monorepo/creator/creator-plugin-dedicated-rtveuro-status" value="true" />
        <entry key="$USER_HOME$/workspaces/monorepo/creator/creator-plugin-dedicated-tymbark-swear" value="true" />
        <entry key="$USER_HOME$/workspaces/monorepo/creator/creator-plugin-dedicated-yr-storelocator" value="true" />
        <entry key="$USER_HOME$/workspaces/monorepo/creator/creator-plugin-email-automation" value="true" />
        <entry key="$USER_HOME$/workspaces/monorepo/creator/creator-plugin-facebookcomment" value="true" />
        <entry key="$USER_HOME$/workspaces/monorepo/creator/creator-plugin-facebookconnector" value="true" />
        <entry key="$USER_HOME$/workspaces/monorepo/creator/creator-plugin-facebookpublicconnector" value="true" />
        <entry key="$USER_HOME$/workspaces/monorepo/creator/creator-plugin-framegenerator" value="true" />
        <entry key="$USER_HOME$/workspaces/monorepo/creator/creator-plugin-genaimvp" value="true" />
        <entry key="$USER_HOME$/workspaces/monorepo/creator/creator-plugin-handover" value="true" />
        <entry key="$USER_HOME$/workspaces/monorepo/creator/creator-plugin-herochatconnector" value="true" />
        <entry key="$USER_HOME$/workspaces/monorepo/creator/creator-plugin-netsuite" value="true" />
        <entry key="$USER_HOME$/workspaces/monorepo/creator/creator-plugin-newsletter" value="true" />
        <entry key="$USER_HOME$/workspaces/monorepo/creator/creator-plugin-promocodes" value="true" />
        <entry key="$USER_HOME$/workspaces/monorepo/creator/creator-plugin-referral" value="true" />
        <entry key="$USER_HOME$/workspaces/monorepo/creator/creator-plugin-response-template" value="true" />
        <entry key="$USER_HOME$/workspaces/monorepo/creator/creator-plugin-rest-automation" value="true" />
        <entry key="$USER_HOME$/workspaces/monorepo/creator/creator-plugin-segmentation" value="true" />
        <entry key="$USER_HOME$/workspaces/monorepo/creator/creator-plugin-shopify" value="true" />
        <entry key="$USER_HOME$/workspaces/monorepo/creator/creator-plugin-statistics" value="true" />
        <entry key="$USER_HOME$/workspaces/monorepo/creator/creator-plugin-survey" value="true" />
        <entry key="$USER_HOME$/workspaces/monorepo/creator/creator-plugin-testtemplates" value="true" />
        <entry key="$USER_HOME$/workspaces/monorepo/creator/creator-plugin-workflow" value="true" />
        <entry key="$USER_HOME$/workspaces/monorepo/creator/creator-protobufs" value="true" />
        <entry key="$USER_HOME$/workspaces/monorepo/creator/creator-scorecards-service" value="true" />
        <entry key="$USER_HOME$/workspaces/monorepo/creator/creator-translation-service" value="true" />
        <entry key="$USER_HOME$/workspaces/monorepo/creator/creator-user-graphql-gateway" value="true" />
        <entry key="$USER_HOME$/workspaces/monorepo/creator/creator-user-rest-gateway" value="true" />
        <entry key="$USER_HOME$/workspaces/monorepo/crm/crm-service" value="true" />
        <entry key="$USER_HOME$/workspaces/monorepo/facebook_public/facebook-public-service" value="true" />
        <entry key="$USER_HOME$/workspaces/monorepo/genesys/genesys-integration" value="true" />
        <entry key="$USER_HOME$/workspaces/monorepo/gitlab/gitlab-cicd-test-service" value="true" />
        <entry key="$USER_HOME$/workspaces/monorepo/google_business_messages/google-business-messages-service" value="true" />
        <entry key="$USER_HOME$/workspaces/monorepo/inbox/inbox-connector-email" value="true" />
        <entry key="$USER_HOME$/workspaces/monorepo/inbox/inbox-connector-facebook" value="true" />
        <entry key="$USER_HOME$/workspaces/monorepo/inbox/inbox-connector-facebookpublic" value="true" />
        <entry key="$USER_HOME$/workspaces/monorepo/inbox/inbox-connector-graphql" value="true" />
        <entry key="$USER_HOME$/workspaces/monorepo/inbox/inbox-connector-herochat" value="true" />
        <entry key="$USER_HOME$/workspaces/monorepo/inbox/inbox-connector-instagram" value="true" />
        <entry key="$USER_HOME$/workspaces/monorepo/inbox/inbox-connector-instagrampublic" value="true" />
        <entry key="$USER_HOME$/workspaces/monorepo/inbox/inbox-connector-twitter" value="true" />
        <entry key="$USER_HOME$/workspaces/monorepo/inbox/inbox-connector-wechat" value="true" />
        <entry key="$USER_HOME$/workspaces/monorepo/inbox/inbox-connector-whatsapp" value="true" />
        <entry key="$USER_HOME$/workspaces/monorepo/inbox/inbox-conversation-service" value="true" />
        <entry key="$USER_HOME$/workspaces/monorepo/inbox/inbox-conversation-transcript-service" value="true" />
        <entry key="$USER_HOME$/workspaces/monorepo/inbox/inbox-conversation-translation-service" value="true" />
        <entry key="$USER_HOME$/workspaces/monorepo/inbox/inbox-frontend" value="true" />
        <entry key="$USER_HOME$/workspaces/monorepo/inbox/inbox-group-service" value="true" />
        <entry key="$USER_HOME$/workspaces/monorepo/inbox/inbox-integration-payoneer" value="true" />
        <entry key="$USER_HOME$/workspaces/monorepo/inbox/inbox-integration-product-feed" value="true" />
        <entry key="$USER_HOME$/workspaces/monorepo/inbox/inbox-integration-salesforce" value="true" />
        <entry key="$USER_HOME$/workspaces/monorepo/inbox/inbox-integration-zem" value="true" />
        <entry key="$USER_HOME$/workspaces/monorepo/inbox/inbox-integration-zendesk-support" value="true" />
        <entry key="$USER_HOME$/workspaces/monorepo/inbox/inbox-profile-service" value="true" />
        <entry key="$USER_HOME$/workspaces/monorepo/inbox/inbox-protobufs" value="true" />
        <entry key="$USER_HOME$/workspaces/monorepo/inbox/inbox-revenue-dashboard-service" value="true" />
        <entry key="$USER_HOME$/workspaces/monorepo/inbox/inbox-search-service" value="true" />
        <entry key="$USER_HOME$/workspaces/monorepo/inbox/inbox-statistics-service" value="true" />
        <entry key="$USER_HOME$/workspaces/monorepo/inbox/inbox-template-service" value="true" />
        <entry key="$USER_HOME$/workspaces/monorepo/inbox/inbox-topic-service" value="true" />
        <entry key="$USER_HOME$/workspaces/monorepo/inbox/inbox-user-access-service" value="true" />
        <entry key="$USER_HOME$/workspaces/monorepo/inbox/inbox-user-query-service" value="true" />
        <entry key="$USER_HOME$/workspaces/monorepo/inbox/inbox-user-status-service" value="true" />
        <entry key="$USER_HOME$/workspaces/monorepo/messaging/messaging-asterisk-adapter" value="true" />
        <entry key="$USER_HOME$/workspaces/monorepo/messaging/messaging-connector-voice" value="true" />
        <entry key="$USER_HOME$/workspaces/monorepo/messaging/messaging-protocol" value="true" />
        <entry key="$USER_HOME$/workspaces/monorepo/messaging/zowie-messaging-service" value="true" />
        <entry key="$USER_HOME$/workspaces/monorepo/migration/environment-migration" value="true" />
        <entry key="$USER_HOME$/workspaces/monorepo/migration/environment-migration/scripts/09.2024" value="true" />
        <entry key="$USER_HOME$/workspaces/monorepo/migration/environment-migration/scripts/enable_big_clients-migration" value="true" />
        <entry key="$USER_HOME$/workspaces/monorepo/migration/environment-migration/scripts/features" value="true" />
        <entry key="$USER_HOME$/workspaces/monorepo/migration/environment-migration/scripts/move_from_csv_to_code" value="true" />
        <entry key="$USER_HOME$/workspaces/monorepo/migration/environment-migration/scripts/slugs-usage" value="true" />
        <entry key="$USER_HOME$/workspaces/monorepo/migration/mongo-cloud-migration" value="true" />
        <entry key="$USER_HOME$/workspaces/monorepo/scripts/chat-conversation-service-actor-event-reader" value="true" />
        <entry key="$USER_HOME$/workspaces/monorepo/scripts/chat-jwt-utils" value="true" />
        <entry key="$USER_HOME$/workspaces/monorepo/scripts/code-analysis" value="true" />
        <entry key="$USER_HOME$/workspaces/monorepo/scripts/delete-conversation-history" value="true" />
        <entry key="$USER_HOME$/workspaces/monorepo/scripts/imap-reader" value="true" />
        <entry key="$USER_HOME$/workspaces/monorepo/scripts/inbox-agentpanel-events-new-event-reader" value="true" />
        <entry key="$USER_HOME$/workspaces/monorepo/scripts/inbox-conversation-service-actor-event-reader" value="true" />
        <entry key="$USER_HOME$/workspaces/monorepo/scripts/inbox-notification-sender" value="true" />
        <entry key="$USER_HOME$/workspaces/monorepo/scripts/multiple-chatbots-config-creator" value="true" />
        <entry key="$USER_HOME$/workspaces/monorepo/scripts/search-service-resolution-log-restore" value="true" />
        <entry key="$USER_HOME$/workspaces/monorepo/scripts/token-generator" value="true" />
        <entry key="$USER_HOME$/workspaces/monorepo/sms/sms-service" value="true" />
        <entry key="$USER_HOME$/workspaces/monorepo/soc2" value="true" />
        <entry key="$USER_HOME$/workspaces/monorepo/tests/zem-e2e" value="true" />
        <entry key="$USER_HOME$/workspaces/monorepo/tools/ai-agent-quality-tool" value="true" />
        <entry key="$USER_HOME$/workspaces/monorepo/twitter/twitter-service" value="true" />
        <entry key="$USER_HOME$/workspaces/monorepo/wechat/wechat-service" value="true" />
        <entry key="$USER_HOME$/workspaces/monorepo/whatsapp/whatsapp-service" value="true" />
        <entry key="$USER_HOME$/workspaces/monorepo/whatsapp/whatsapp-service/e2e-tests" value="true" />
        <entry key="$USER_HOME$/workspaces/monorepo/zem/adapters/voice/voice-service" value="true" />
        <entry key="$USER_HOME$/workspaces/private/adventofcode2022" value="true" />
        <entry key="$USER_HOME$/workspaces/private/blogs/immutestable-blog" value="true" />
        <entry key="$USER_HOME$/workspaces/private/blogs/immutestable-new/immutestable" value="true" />
        <entry key="$USER_HOME$/workspaces/private/blogs/immutestable-new/immutestable-tdd-example-1" value="true" />
        <entry key="$USER_HOME$/workspaces/private/blogs/immutestable-new/immutestable-tdd-example-1-run" value="true" />
        <entry key="$USER_HOME$/workspaces/private/blogs/immutestable-new/immutestable/immutestable-java" value="true" />
        <entry key="$USER_HOME$/workspaces/private/blogs/immutestable-new/immutestable/immutestable-kotlin" value="true" />
        <entry key="$USER_HOME$/workspaces/private/blogs/immutestable-new/immutestable_feedback" value="true" />
        <entry key="$USER_HOME$/workspaces/private/blogs/immutestable-new/tdd-example-1" value="true" />
        <entry key="$USER_HOME$/workspaces/private/blogs/my-new-site" value="true" />
        <entry key="$USER_HOME$/workspaces/private/blogs/ohfool" value="true" />
        <entry key="$USER_HOME$/workspaces/private/canonical" value="true" />
        <entry key="$USER_HOME$/workspaces/private/chop/calendar_reminders/calendar_reminders" value="true" />
        <entry key="$USER_HOME$/workspaces/private/chop/newhome" value="true" />
        <entry key="$USER_HOME$/workspaces/private/cloud-devops/cloud-iac" value="true" />
        <entry key="$USER_HOME$/workspaces/private/d2-test/d2-test" value="true" />
        <entry key="$USER_HOME$/workspaces/private/deepevaltest" value="true" />
        <entry key="$USER_HOME$/workspaces/private/devskiller/canonical-tasks-golang" value="true" />
        <entry key="$USER_HOME$/workspaces/private/devskiller/canonical_zadania_v2_mniej_testow" value="true" />
        <entry key="$USER_HOME$/workspaces/private/devskiller/go-canonical" value="true" />
        <entry key="$USER_HOME$/workspaces/private/devskiller/golang-anonymizer-golang/task" value="true" />
        <entry key="$USER_HOME$/workspaces/private/dvd-rental-tdd-example" value="true" />
        <entry key="$USER_HOME$/workspaces/private/effective_geek/demoProject" value="true" />
        <entry key="$USER_HOME$/workspaces/private/gitlab-cicd-stats" value="true" />
        <entry key="$USER_HOME$/workspaces/private/graphql-demo" value="true" />
        <entry key="$USER_HOME$/workspaces/private/java-examples" value="true" />
        <entry key="$USER_HOME$/workspaces/private/kubernetes_gmiejski/kubernetes-gmiejski" value="true" />
        <entry key="$USER_HOME$/workspaces/private/libraries-tests/axion-test" value="true" />
        <entry key="$USER_HOME$/workspaces/private/libraries-tests/sbt-release-test" value="true" />
        <entry key="$USER_HOME$/workspaces/private/n8n/n8n-test" value="true" />
        <entry key="$USER_HOME$/workspaces/private/notion-jira/notion-jira" value="true" />
        <entry key="$USER_HOME$/workspaces/private/pomodoro-serverless/pomodoro-serverless" value="true" />
        <entry key="$USER_HOME$/workspaces/private/python-es" value="true" />
        <entry key="$USER_HOME$/workspaces/private/python_es/untitled" value="true" />
        <entry key="$USER_HOME$/workspaces/private/scala/scala-error-handling" value="true" />
        <entry key="$USER_HOME$/workspaces/private/scala/scala-experiment" value="true" />
        <entry key="$USER_HOME$/workspaces/private/scalatest" value="true" />
        <entry key="$USER_HOME$/workspaces/private/spring/demo1" value="true" />
        <entry key="$USER_HOME$/workspaces/private/tagless-test" value="true" />
        <entry key="$USER_HOME$/workspaces/private/tasks_list/tasks_list" value="true" />
        <entry key="$USER_HOME$/workspaces/private/widget-at-home" value="true" />
        <entry key="$USER_HOME$/workspaces/private/zowie_interviews" value="true" />
        <entry key="$USER_HOME$/workspaces/prod-ansible" value="true" />
        <entry key="$USER_HOME$/workspaces/prod-ansible/tools/migration-docker-compose-generator" value="true" />
        <entry key="$USER_HOME$/workspaces/promi" value="true" />
        <entry key="$USER_HOME$/workspaces/python-scripts" value="true" />
        <entry key="$USER_HOME$/workspaces/recruitment/earthquakes" value="true" />
        <entry key="$USER_HOME$/workspaces/recruitment/revolut" value="true" />
        <entry key="$USER_HOME$/workspaces/recruitment/revolut_2" value="true" />
        <entry key="$USER_HOME$/workspaces/scala-micro-test" value="true" />
        <entry key="$USER_HOME$/workspaces/scripts/all-scripts" value="true" />
        <entry key="$USER_HOME$/workspaces/scripts/automation" value="true" />
        <entry key="$USER_HOME$/workspaces/scripts/python-generic/python-generic" value="true" />
        <entry key="$USER_HOME$/workspaces/zowie-scripts/standup-report" value="true" />
        <entry key="$USER_HOME$/workspaces/zowie-voicebot" value="true" />
        <entry key="/private/var/folders/c5/36m282vs1pq2y0s1dnczl9c00000gn/T/elastic.json" value="true" />
        <entry key="/var/folders/c5/36m282vs1pq2y0s1dnczl9c00000gn/T/Untitled discover search (1).csv9820838958593526968" value="true" />
      </map>
    </option>
  </component>
</application>