<application>
  <component name="DimensionService">
    <location key="find.popup.0.0.3024.1964@192dpi" x="782" y="414" />
    <location key="find.popup.3024.0.5120.2880@192dpi" x="5134" y="230" />
    <location key="find.popup.1512.0.2560.1440" x="1512" y="0" />
    <location key="find.popup.1512.0.1920.1080" x="1512" y="0" />
    <location key="find.popup.1512.0.2560.1440@216dpi" x="2304" y="0" />
    <location key="find.popup.0.0.3024.1964@432dpi" x="198" y="64" />
    <location key="find.popup.3024.0.5120.2880@432dpi" x="4608" y="0" />
    <location key="find.popup.1512.0.2560.1440@168dpi" x="2397" y="115" />
    <location key="find.popup.3432.0.1920.1080" x="3894" y="50" />
    <location key="find.popup.0.0.3840.1080" x="994" y="199" />
    <location key="find.popup.1512.0.1920.1080@168dpi" x="2047" y="0" />
    <location key="find.popup.1800.-92.2560.1440" x="2460" y="173" />
    <location key="find.popup.1512.-92.1920.1080" x="2007" y="107" />
    <location key="find.popup.0.0.3600.2338@192dpi" x="930" y="492" />
    <size key="GridCell.Tab.0.left.0.0.3024.1964@192dpi" width="2860" height="864" />
    <size key="GridCell.Tab.0.center.0.0.3024.1964@192dpi" width="2860" height="864" />
    <size key="GridCell.Tab.0.right.0.0.3024.1964@192dpi" width="2860" height="864" />
    <size key="GridCell.Tab.0.bottom.0.0.3024.1964@192dpi" width="2860" height="864" />
    <size key="find.popup.0.0.3024.1964@192dpi" width="1490" height="1114" />
    <size key="find.popup.3024.0.5120.2880@192dpi" width="1764" height="1650" />
    <size key="find.popup.1512.0.2560.1440" width="866" height="742" />
    <size key="find.popup.1512.0.1920.1080" width="743" height="556" />
    <size key="GridCell.Tab.0.left.1512.0.1920.1080" width="1430" height="315" />
    <size key="GridCell.Tab.0.center.1512.0.1920.1080" width="1430" height="315" />
    <size key="GridCell.Tab.0.right.1512.0.1920.1080" width="1430" height="315" />
    <size key="GridCell.Tab.0.bottom.1512.0.1920.1080" width="1430" height="315" />
    <size key="GridCell.Tab.1.left.1512.0.1920.1080" width="1430" height="315" />
    <size key="GridCell.Tab.1.center.1512.0.1920.1080" width="1430" height="315" />
    <size key="GridCell.Tab.1.right.1512.0.1920.1080" width="1430" height="315" />
    <size key="GridCell.Tab.1.bottom.1512.0.1920.1080" width="1430" height="315" />
    <size key="GridCell.Tab.0.left.1512.0.2560.1440" width="2478" height="434" />
    <size key="GridCell.Tab.0.center.1512.0.2560.1440" width="2478" height="434" />
    <size key="GridCell.Tab.0.right.1512.0.2560.1440" width="2478" height="434" />
    <size key="GridCell.Tab.0.bottom.1512.0.2560.1440" width="2478" height="434" />
    <size key="GridCell.Tab.1.left.1512.0.2560.1440" width="2478" height="434" />
    <size key="GridCell.Tab.1.center.1512.0.2560.1440" width="2478" height="434" />
    <size key="GridCell.Tab.1.right.1512.0.2560.1440" width="2478" height="434" />
    <size key="GridCell.Tab.1.bottom.1512.0.2560.1440" width="2478" height="434" />
    <size key="GridCell.Tab.1.left.0.0.3024.1964@192dpi" width="2860" height="1168" />
    <size key="GridCell.Tab.1.center.0.0.3024.1964@192dpi" width="2860" height="1168" />
    <size key="GridCell.Tab.1.right.0.0.3024.1964@192dpi" width="2860" height="1168" />
    <size key="GridCell.Tab.1.bottom.0.0.3024.1964@192dpi" width="2860" height="1168" />
    <size key="find.popup.1512.0.2560.1440@216dpi" width="1187" height="1060" />
    <size key="find.popup.0.0.3024.1964@432dpi" width="2398" height="1900" />
    <size key="javadoc.popup.new.0.0.3024.1964@432dpi" width="3024" height="660" />
    <size key="GridCell.Tab.0.left.1512.0.2560.1440@216dpi" width="2560" height="513" />
    <size key="GridCell.Tab.0.center.1512.0.2560.1440@216dpi" width="2560" height="513" />
    <size key="GridCell.Tab.0.right.1512.0.2560.1440@216dpi" width="2560" height="513" />
    <size key="GridCell.Tab.0.bottom.1512.0.2560.1440@216dpi" width="2560" height="513" />
    <size key="GridCell.Tab.0.left.3024.0.5120.2880@192dpi" width="5036" height="1602" />
    <size key="GridCell.Tab.0.center.3024.0.5120.2880@192dpi" width="5036" height="1602" />
    <size key="GridCell.Tab.0.right.3024.0.5120.2880@192dpi" width="5036" height="1602" />
    <size key="GridCell.Tab.0.bottom.3024.0.5120.2880@192dpi" width="5036" height="1602" />
    <size key="GridCell.Tab.1.left.3024.0.5120.2880@192dpi" width="5036" height="1098" />
    <size key="GridCell.Tab.1.center.3024.0.5120.2880@192dpi" width="5036" height="1098" />
    <size key="GridCell.Tab.1.right.3024.0.5120.2880@192dpi" width="5036" height="1098" />
    <size key="GridCell.Tab.1.bottom.3024.0.5120.2880@192dpi" width="5036" height="1098" />
    <size key="GridCell.Tab.0.left.3024.0.5120.2880@432dpi" width="5120" height="1026" />
    <size key="GridCell.Tab.0.center.3024.0.5120.2880@432dpi" width="5120" height="1026" />
    <size key="GridCell.Tab.0.right.3024.0.5120.2880@432dpi" width="5120" height="1026" />
    <size key="GridCell.Tab.0.bottom.3024.0.5120.2880@432dpi" width="5120" height="1026" />
    <size key="GridCell.Tab.1.left.3024.0.5120.2880@432dpi" width="5120" height="1026" />
    <size key="GridCell.Tab.1.center.3024.0.5120.2880@432dpi" width="5120" height="1026" />
    <size key="GridCell.Tab.1.right.3024.0.5120.2880@432dpi" width="5120" height="1026" />
    <size key="GridCell.Tab.1.bottom.3024.0.5120.2880@432dpi" width="5120" height="1026" />
    <size key="find.popup.3024.0.5120.2880@432dpi" width="2786" height="2880" />
    <size key="GridCell.Tab.1.left.1512.0.2560.1440@216dpi" width="2560" height="513" />
    <size key="GridCell.Tab.1.center.1512.0.2560.1440@216dpi" width="2560" height="513" />
    <size key="GridCell.Tab.1.right.1512.0.2560.1440@216dpi" width="2560" height="513" />
    <size key="GridCell.Tab.1.bottom.1512.0.2560.1440@216dpi" width="2560" height="513" />
    <size key="GridCell.Tab.0.left.0.0.3024.1964@432dpi" width="3024" height="520" />
    <size key="GridCell.Tab.0.center.0.0.3024.1964@432dpi" width="3024" height="520" />
    <size key="GridCell.Tab.0.right.0.0.3024.1964@432dpi" width="3024" height="520" />
    <size key="GridCell.Tab.0.bottom.0.0.3024.1964@432dpi" width="3024" height="520" />
    <size key="GridCell.Tab.0.left.0.0.1280.720" width="298" height="550" />
    <size key="GridCell.Tab.0.center.0.0.1280.720" width="298" height="550" />
    <size key="GridCell.Tab.0.right.0.0.1280.720" width="298" height="550" />
    <size key="GridCell.Tab.0.bottom.0.0.1280.720" width="298" height="550" />
    <size key="GridCell.Tab.1.left.0.0.1280.720" width="1232" height="548" />
    <size key="GridCell.Tab.1.center.0.0.1280.720" width="1232" height="548" />
    <size key="GridCell.Tab.1.right.0.0.1280.720" width="1232" height="548" />
    <size key="GridCell.Tab.1.bottom.0.0.1280.720" width="1232" height="548" />
    <size key="find.popup.1512.0.2560.1440@168dpi" width="1119" height="832" />
    <size key="GridCell.Tab.0.left.1512.0.2560.1440@168dpi" width="2560" height="918" />
    <size key="GridCell.Tab.0.center.1512.0.2560.1440@168dpi" width="2560" height="918" />
    <size key="GridCell.Tab.0.right.1512.0.2560.1440@168dpi" width="2560" height="918" />
    <size key="GridCell.Tab.0.bottom.1512.0.2560.1440@168dpi" width="2560" height="918" />
    <size key="GridCell.Tab.1.left.1512.0.2560.1440@168dpi" width="2560" height="918" />
    <size key="GridCell.Tab.1.center.1512.0.2560.1440@168dpi" width="2560" height="918" />
    <size key="GridCell.Tab.1.right.1512.0.2560.1440@168dpi" width="2560" height="918" />
    <size key="GridCell.Tab.1.bottom.1512.0.2560.1440@168dpi" width="2560" height="918" />
    <size key="javadoc.popup.new.1512.0.2560.1440" width="561" height="352" />
    <size key="javadoc.popup.new.0.0.3024.1964@192dpi" width="1244" height="766" />
    <size key="GridCell.Tab.2.left.0.0.3024.1964@192dpi" width="2860" height="1168" />
    <size key="GridCell.Tab.2.center.0.0.3024.1964@192dpi" width="2860" height="1168" />
    <size key="GridCell.Tab.2.right.0.0.3024.1964@192dpi" width="2860" height="1168" />
    <size key="GridCell.Tab.2.bottom.0.0.3024.1964@192dpi" width="2860" height="1168" />
    <size key="GridCell.Tab.3.left.0.0.3024.1964@192dpi" width="2860" height="1168" />
    <size key="GridCell.Tab.3.center.0.0.3024.1964@192dpi" width="2860" height="1168" />
    <size key="GridCell.Tab.3.right.0.0.3024.1964@192dpi" width="2860" height="1168" />
    <size key="GridCell.Tab.3.bottom.0.0.3024.1964@192dpi" width="2860" height="1168" />
    <size key="find.popup.3432.0.1920.1080" width="1216" height="717" />
    <size key="javadoc.popup.new.1512.0.1920.1080" width="633" height="309" />
    <size key="GridCell.Tab.2.left.1512.0.1920.1080" width="1838" height="578" />
    <size key="GridCell.Tab.2.center.1512.0.1920.1080" width="1838" height="578" />
    <size key="GridCell.Tab.2.right.1512.0.1920.1080" width="1838" height="578" />
    <size key="GridCell.Tab.2.bottom.1512.0.1920.1080" width="1838" height="578" />
    <size key="GridCell.Tab.0.left.0.0.3840.1080" width="3758" height="441" />
    <size key="GridCell.Tab.0.center.0.0.3840.1080" width="3758" height="441" />
    <size key="GridCell.Tab.0.right.0.0.3840.1080" width="3758" height="441" />
    <size key="GridCell.Tab.0.bottom.0.0.3840.1080" width="3758" height="441" />
    <size key="find.popup.0.0.3840.1080" width="649" height="556" />
    <size key="GridCell.Tab.1.left.0.0.3840.1080" width="3840" height="441" />
    <size key="GridCell.Tab.1.center.0.0.3840.1080" width="3840" height="441" />
    <size key="GridCell.Tab.1.right.0.0.3840.1080" width="3840" height="441" />
    <size key="GridCell.Tab.1.bottom.0.0.3840.1080" width="3840" height="441" />
    <size key="GridCell.Tab.0.left.0.0.3024.1964@336dpi" width="3024" height="1154" />
    <size key="GridCell.Tab.0.center.0.0.3024.1964@336dpi" width="3024" height="1154" />
    <size key="GridCell.Tab.0.right.0.0.3024.1964@336dpi" width="3024" height="1154" />
    <size key="GridCell.Tab.0.bottom.0.0.3024.1964@336dpi" width="3024" height="1154" />
    <size key="GridCell.Tab.2.left.1512.0.2560.1440" width="2478" height="434" />
    <size key="GridCell.Tab.2.center.1512.0.2560.1440" width="2478" height="434" />
    <size key="GridCell.Tab.2.right.1512.0.2560.1440" width="2478" height="434" />
    <size key="GridCell.Tab.2.bottom.1512.0.2560.1440" width="2478" height="434" />
    <size key="GridCell.Tab.0.left.1512.0.1920.1080@168dpi" width="1920" height="496" />
    <size key="GridCell.Tab.0.center.1512.0.1920.1080@168dpi" width="1920" height="496" />
    <size key="GridCell.Tab.0.right.1512.0.1920.1080@168dpi" width="1920" height="496" />
    <size key="GridCell.Tab.0.bottom.1512.0.1920.1080@168dpi" width="1920" height="496" />
    <size key="GridCell.Tab.1.left.1512.0.1920.1080@168dpi" width="1920" height="496" />
    <size key="GridCell.Tab.1.center.1512.0.1920.1080@168dpi" width="1920" height="496" />
    <size key="GridCell.Tab.1.right.1512.0.1920.1080@168dpi" width="1920" height="496" />
    <size key="GridCell.Tab.1.bottom.1512.0.1920.1080@168dpi" width="1920" height="496" />
    <size key="find.popup.1512.0.1920.1080@168dpi" width="1087" height="1080" />
    <size key="GridCell.Tab.0.left.0.0.1920.1080@168dpi" width="1920" height="468" />
    <size key="GridCell.Tab.0.center.0.0.1920.1080@168dpi" width="1920" height="468" />
    <size key="GridCell.Tab.0.right.0.0.1920.1080@168dpi" width="1920" height="468" />
    <size key="GridCell.Tab.0.bottom.0.0.1920.1080@168dpi" width="1920" height="468" />
    <size key="GridCell.Tab.4.left.0.0.3024.1964@192dpi" width="2860" height="1168" />
    <size key="GridCell.Tab.4.center.0.0.3024.1964@192dpi" width="2860" height="1168" />
    <size key="GridCell.Tab.4.right.0.0.3024.1964@192dpi" width="2860" height="1168" />
    <size key="GridCell.Tab.4.bottom.0.0.3024.1964@192dpi" width="2860" height="1168" />
    <size key="GridCell.Tab.5.left.0.0.3024.1964@192dpi" width="4956" height="866" />
    <size key="GridCell.Tab.5.center.0.0.3024.1964@192dpi" width="4956" height="866" />
    <size key="GridCell.Tab.5.right.0.0.3024.1964@192dpi" width="4956" height="866" />
    <size key="GridCell.Tab.5.bottom.0.0.3024.1964@192dpi" width="4956" height="866" />
    <size key="GridCell.Tab.3.left.1512.0.1920.1080" width="1838" height="578" />
    <size key="GridCell.Tab.3.center.1512.0.1920.1080" width="1838" height="578" />
    <size key="GridCell.Tab.3.right.1512.0.1920.1080" width="1838" height="578" />
    <size key="GridCell.Tab.3.bottom.1512.0.1920.1080" width="1838" height="578" />
    <size key="GridCell.Tab.4.left.1512.0.1920.1080" width="1838" height="578" />
    <size key="GridCell.Tab.4.center.1512.0.1920.1080" width="1838" height="578" />
    <size key="GridCell.Tab.4.right.1512.0.1920.1080" width="1838" height="578" />
    <size key="GridCell.Tab.4.bottom.1512.0.1920.1080" width="1838" height="578" />
    <size key="GridCell.Tab.5.left.1512.0.1920.1080" width="1838" height="617" />
    <size key="GridCell.Tab.5.center.1512.0.1920.1080" width="1838" height="617" />
    <size key="GridCell.Tab.5.right.1512.0.1920.1080" width="1838" height="617" />
    <size key="GridCell.Tab.5.bottom.1512.0.1920.1080" width="1838" height="617" />
    <size key="GridCell.Tab.3.left.1512.0.2560.1440" width="2478" height="434" />
    <size key="GridCell.Tab.3.center.1512.0.2560.1440" width="2478" height="434" />
    <size key="GridCell.Tab.3.right.1512.0.2560.1440" width="2478" height="434" />
    <size key="GridCell.Tab.3.bottom.1512.0.2560.1440" width="2478" height="434" />
    <size key="GridCell.Tab.4.left.1512.0.2560.1440" width="2478" height="434" />
    <size key="GridCell.Tab.4.center.1512.0.2560.1440" width="2478" height="434" />
    <size key="GridCell.Tab.4.right.1512.0.2560.1440" width="2478" height="434" />
    <size key="GridCell.Tab.4.bottom.1512.0.2560.1440" width="2478" height="434" />
    <size key="GridCell.Tab.5.left.1512.0.2560.1440" width="2478" height="434" />
    <size key="GridCell.Tab.5.center.1512.0.2560.1440" width="2478" height="434" />
    <size key="GridCell.Tab.5.right.1512.0.2560.1440" width="2478" height="434" />
    <size key="GridCell.Tab.5.bottom.1512.0.2560.1440" width="2478" height="434" />
    <size key="find.popup.1800.-92.2560.1440" width="1099" height="843" />
    <size key="GridCell.Tab.0.left.1800.-92.2560.1440" width="2478" height="561" />
    <size key="GridCell.Tab.0.center.1800.-92.2560.1440" width="2478" height="561" />
    <size key="GridCell.Tab.0.right.1800.-92.2560.1440" width="2478" height="561" />
    <size key="GridCell.Tab.0.bottom.1800.-92.2560.1440" width="2478" height="561" />
    <size key="GridCell.Tab.0.left.1512.-92.1920.1080" width="1838" height="315" />
    <size key="GridCell.Tab.0.center.1512.-92.1920.1080" width="1838" height="315" />
    <size key="GridCell.Tab.0.right.1512.-92.1920.1080" width="1838" height="315" />
    <size key="GridCell.Tab.0.bottom.1512.-92.1920.1080" width="1838" height="315" />
    <size key="GridCell.Tab.1.left.1800.-92.2560.1440" width="2478" height="1094" />
    <size key="GridCell.Tab.1.center.1800.-92.2560.1440" width="2478" height="1094" />
    <size key="GridCell.Tab.1.right.1800.-92.2560.1440" width="2478" height="1094" />
    <size key="GridCell.Tab.1.bottom.1800.-92.2560.1440" width="2478" height="1094" />
    <size key="GridCell.Tab.2.left.1800.-92.2560.1440" width="2478" height="1094" />
    <size key="GridCell.Tab.2.center.1800.-92.2560.1440" width="2478" height="1094" />
    <size key="GridCell.Tab.2.right.1800.-92.2560.1440" width="2478" height="1094" />
    <size key="GridCell.Tab.2.bottom.1800.-92.2560.1440" width="2478" height="1094" />
    <size key="GridCell.Tab.3.left.1800.-92.2560.1440" width="2478" height="1094" />
    <size key="GridCell.Tab.3.center.1800.-92.2560.1440" width="2478" height="1094" />
    <size key="GridCell.Tab.3.right.1800.-92.2560.1440" width="2478" height="1094" />
    <size key="GridCell.Tab.3.bottom.1800.-92.2560.1440" width="2478" height="1094" />
    <size key="GridCell.Tab.4.left.1800.-92.2560.1440" width="2478" height="1094" />
    <size key="GridCell.Tab.4.center.1800.-92.2560.1440" width="2478" height="1094" />
    <size key="GridCell.Tab.4.right.1800.-92.2560.1440" width="2478" height="1094" />
    <size key="GridCell.Tab.4.bottom.1800.-92.2560.1440" width="2478" height="1094" />
    <size key="GridCell.Tab.5.left.1800.-92.2560.1440" width="2478" height="1094" />
    <size key="GridCell.Tab.5.center.1800.-92.2560.1440" width="2478" height="1094" />
    <size key="GridCell.Tab.5.right.1800.-92.2560.1440" width="2478" height="1094" />
    <size key="GridCell.Tab.5.bottom.1800.-92.2560.1440" width="2478" height="1094" />
    <size key="find.popup.1512.-92.1920.1080" width="825" height="633" />
    <size key="find.popup.0.0.3600.2338@192dpi" width="1868" height="1454" />
    <size key="GridCell.Tab.0.left.0.0.3600.2338@192dpi" width="2860" height="924" />
    <size key="GridCell.Tab.0.center.0.0.3600.2338@192dpi" width="2860" height="924" />
    <size key="GridCell.Tab.0.right.0.0.3600.2338@192dpi" width="2860" height="924" />
    <size key="GridCell.Tab.0.bottom.0.0.3600.2338@192dpi" width="2860" height="924" />
    <size key="GridCell.Tab.1.left.1512.-92.1920.1080" width="1838" height="795" />
    <size key="GridCell.Tab.1.center.1512.-92.1920.1080" width="1838" height="795" />
    <size key="GridCell.Tab.1.right.1512.-92.1920.1080" width="1838" height="795" />
    <size key="GridCell.Tab.1.bottom.1512.-92.1920.1080" width="1838" height="795" />
    <size key="GridCell.Tab.2.left.1512.-92.1920.1080" width="1838" height="795" />
    <size key="GridCell.Tab.2.center.1512.-92.1920.1080" width="1838" height="795" />
    <size key="GridCell.Tab.2.right.1512.-92.1920.1080" width="1838" height="795" />
    <size key="GridCell.Tab.2.bottom.1512.-92.1920.1080" width="1838" height="795" />
    <size key="GridCell.Tab.3.left.1512.-92.1920.1080" width="1838" height="795" />
    <size key="GridCell.Tab.3.center.1512.-92.1920.1080" width="1838" height="795" />
    <size key="GridCell.Tab.3.right.1512.-92.1920.1080" width="1838" height="795" />
    <size key="GridCell.Tab.3.bottom.1512.-92.1920.1080" width="1838" height="795" />
    <size key="GridCell.Tab.4.left.1512.-92.1920.1080" width="1838" height="795" />
    <size key="GridCell.Tab.4.center.1512.-92.1920.1080" width="1838" height="795" />
    <size key="GridCell.Tab.4.right.1512.-92.1920.1080" width="1838" height="795" />
    <size key="GridCell.Tab.4.bottom.1512.-92.1920.1080" width="1838" height="795" />
  </component>
  <component name="WindowManager">
    <frame x="1800" y="-92" width="2560" height="1440" fullScreen="true" />
  </component>
  <component name="WindowStateApplicationService">
    <state width="757" height="139" key="ShowUsagesActions.dimensionServiceKey" timestamp="1756074350394">
      <screen x="0" y="38" width="1800" height="1131" />
    </state>
    <state width="859" height="211" key="ShowUsagesActions.dimensionServiceKey/0.32.1512.950" timestamp="1753384024878" />
    <state width="822" height="139" key="ShowUsagesActions.dimensionServiceKey/0.32.1512.950/1512.-92.1920.1080" timestamp="1755521825160" />
    <state width="757" height="139" key="ShowUsagesActions.dimensionServiceKey/0.38.1800.1131/1800.-92.2560.1440" timestamp="1756074350394" />
    <state x="756" y="460" width="800" height="670" key="WELCOME_SCREEN" timestamp="1755502983497">
      <screen x="0" y="32" width="1512" height="950" />
    </state>
    <state x="756" y="460" width="800" height="670" key="WELCOME_SCREEN/0.32.1512.950" timestamp="1749157365808" />
    <state x="756" y="460" width="800" height="670" key="WELCOME_SCREEN/0.32.1512.950/1512.-92.1920.1080" timestamp="1755502983497" />
    <state width="379" height="634" key="manage.recent.projects.popup" timestamp="1756073164528">
      <screen x="0" y="38" width="1800" height="1131" />
    </state>
    <state width="318" height="532" key="manage.recent.projects.popup/0.32.1512.950" timestamp="1755766228148" />
    <state width="319" height="533" key="manage.recent.projects.popup/0.32.1512.950/1512.-92.1920.1080" timestamp="1755521765576" />
    <state width="318" height="532" key="manage.recent.projects.popup/0.32.1512.950/1512.0.1920.1080" timestamp="1746718183456" />
    <state width="379" height="634" key="manage.recent.projects.popup/0.38.1800.1131/1800.-92.2560.1440" timestamp="1756073164528" />
  </component>
</application>