<keymap version="1" name="Mac OS X copy" parent="Mac OS X">
  <action id="ActivateProblemsViewToolWindow" />
  <action id="ActivateTODOToolWindow">
    <keyboard-shortcut first-keystroke="meta 6" />
  </action>
  <action id="Activatesbt-shell-toolwindowToolWindow">
    <keyboard-shortcut first-keystroke="shift ctrl meta s" />
  </action>
  <action id="Annotate">
    <keyboard-shortcut first-keystroke="shift ctrl meta g" />
  </action>
  <action id="CloseProject">
    <keyboard-shortcut first-keystroke="ctrl meta p" />
  </action>
  <action id="CompareClipboardWithSelection">
    <keyboard-shortcut first-keystroke="shift meta s" />
  </action>
  <action id="ConsoleView.ClearAll">
    <keyboard-shortcut first-keystroke="ctrl meta c" />
  </action>
  <action id="DSM.Analyze">
    <keyboard-shortcut first-keystroke="shift meta p" second-keystroke="m" />
  </action>
  <action id="EditorLineEnd">
    <keyboard-shortcut first-keystroke="end" />
    <keyboard-shortcut first-keystroke="alt right" />
  </action>
  <action id="EditorLineEndWithSelection">
    <keyboard-shortcut first-keystroke="shift end" />
    <keyboard-shortcut first-keystroke="shift alt right" />
  </action>
  <action id="EditorLineStart">
    <keyboard-shortcut first-keystroke="home" />
    <keyboard-shortcut first-keystroke="alt left" />
  </action>
  <action id="EditorLineStartWithSelection">
    <keyboard-shortcut first-keystroke="shift home" />
    <keyboard-shortcut first-keystroke="shift alt left" />
  </action>
  <action id="EditorNextWord">
    <keyboard-shortcut first-keystroke="meta right" />
  </action>
  <action id="EditorNextWordWithSelection">
    <keyboard-shortcut first-keystroke="shift meta right" />
  </action>
  <action id="EditorPreviousWord">
    <keyboard-shortcut first-keystroke="meta left" />
  </action>
  <action id="EditorPreviousWordWithSelection">
    <keyboard-shortcut first-keystroke="shift meta left" />
  </action>
  <action id="EditorScrollDown" />
  <action id="EditorScrollUp" />
  <action id="ExternalSystem.RefreshAllProjects">
    <keyboard-shortcut first-keystroke="shift meta r" second-keystroke="r" />
  </action>
  <action id="Git.Branches">
    <keyboard-shortcut first-keystroke="shift meta g" second-keystroke="b" />
  </action>
  <action id="Git.CompareWithBranch">
    <keyboard-shortcut first-keystroke="shift meta g" second-keystroke="y" />
  </action>
  <action id="Git.Fetch">
    <keyboard-shortcut first-keystroke="shift meta g" second-keystroke="f" />
  </action>
  <action id="Git.Pull">
    <keyboard-shortcut first-keystroke="shift meta g" second-keystroke="k" />
  </action>
  <action id="ImportProject">
    <keyboard-shortcut first-keystroke="ctrl meta i" />
  </action>
  <action id="LocalHistory.ShowHistory">
    <keyboard-shortcut first-keystroke="shift meta g" second-keystroke="l" />
  </action>
  <action id="ManageRecentProjects">
    <keyboard-shortcut first-keystroke="ctrl meta o" />
  </action>
  <action id="MethodDown">
    <keyboard-shortcut first-keystroke="ctrl down" />
    <keyboard-shortcut first-keystroke="meta down" />
  </action>
  <action id="MethodOverloadSwitchDown" />
  <action id="MethodOverloadSwitchUp" />
  <action id="MethodUp">
    <keyboard-shortcut first-keystroke="meta up" />
  </action>
  <action id="OpenFile">
    <keyboard-shortcut first-keystroke="ctrl meta y" second-keystroke="u" />
  </action>
  <action id="OpenInlineChatAction">
    <keyboard-shortcut first-keystroke="shift ctrl g" />
  </action>
  <action id="OpenProjectGroup">
    <keyboard-shortcut first-keystroke="ctrl meta y" second-keystroke="y" />
  </action>
  <action id="OpenProjectWindows">
    <keyboard-shortcut first-keystroke="ctrl meta y" second-keystroke="t" />
  </action>
  <action id="ResizeToolWindowDown">
    <keyboard-shortcut first-keystroke="shift meta alt down" />
    <keyboard-shortcut first-keystroke="shift meta down" />
  </action>
  <action id="ResizeToolWindowLeft">
    <keyboard-shortcut first-keystroke="shift meta alt left" />
    <keyboard-shortcut first-keystroke="shift meta left" />
  </action>
  <action id="ResizeToolWindowRight">
    <keyboard-shortcut first-keystroke="shift meta alt right" />
    <keyboard-shortcut first-keystroke="shift meta right" />
  </action>
  <action id="ResizeToolWindowUp">
    <keyboard-shortcut first-keystroke="shift meta alt up" />
    <keyboard-shortcut first-keystroke="shift meta up" />
  </action>
  <action id="Scala.RenameJavaToScala" />
  <action id="Scala.ShowImplicits">
    <keyboard-shortcut first-keystroke="shift ctrl alt equals" />
    <keyboard-shortcut first-keystroke="shift ctrl alt add" />
  </action>
  <action id="SearchEverywhere.NavigateToNextGroup">
    <keyboard-shortcut first-keystroke="page_down" />
  </action>
  <action id="SearchEverywhere.NavigateToPrevGroup">
    <keyboard-shortcut first-keystroke="page_up" />
  </action>
  <action id="SelectInProjectView">
    <keyboard-shortcut first-keystroke="meta f1" />
  </action>
  <action id="ShowErrorDescription" />
  <action id="SynchronizeCurrentFile">
    <keyboard-shortcut first-keystroke="ctrl alt r" />
  </action>
  <action id="Vcs.Push">
    <keyboard-shortcut first-keystroke="shift meta k" />
    <keyboard-shortcut first-keystroke="shift meta g" second-keystroke="h" />
  </action>
  <action id="Vcs.ShowDiffWithLocal.Before">
    <keyboard-shortcut first-keystroke="shift meta g" second-keystroke="r" />
  </action>
  <action id="Vcs.ShowTabbedFileHistory">
    <keyboard-shortcut first-keystroke="shift meta g" second-keystroke="g" />
  </action>
  <action id="VcsShowCurrentChangeMarker">
    <keyboard-shortcut first-keystroke="meta alt s" />
  </action>
  <action id="copilot.chat.inline">
    <keyboard-shortcut first-keystroke="shift ctrl i" />
    <keyboard-shortcut first-keystroke="shift meta g" second-keystroke="a" />
  </action>
</keymap>